input,gt
/home/shahid-ahamed.hasib/Data/Data/SUIM/train_val/images/d_r_310_.jpg,/home/shahid-ahamed.hasib/uiework/final_uie/work/teacher_outputs/A_lite_clean/SUIM__d_r_310_.png
/home/shahid-ahamed.hasib/Data/Data/SUIM/train_val/images/d_r_333_.jpg,/home/shahid-ahamed.hasib/uiework/final_uie/work/teacher_outputs/A_lite_clean/SUIM__d_r_333_.png
/home/shahid-ahamed.hasib/Data/Data/SUIM/train_val/images/d_r_388_.jpg,/home/shahid-ahamed.hasib/uiework/final_uie/work/teacher_outputs/A_lite_clean/SUIM__d_r_388_.png
/home/shahid-ahamed.hasib/Data/Data/SUIM/train_val/images/d_r_399_.jpg,/home/shahid-ahamed.hasib/uiework/final_uie/work/teacher_outputs/A_lite_clean/SUIM__d_r_399_.png
/home/shahid-ahamed.hasib/Data/Data/SUIM/train_val/images/d_r_474_.jpg,/home/shahid-ahamed.hasib/uiework/final_uie/work/teacher_outputs/A_lite_clean/SUIM__d_r_474_.png
/home/shahid-ahamed.hasib/Data/Data/SUIM/train_val/images/d_r_553_.jpg,/home/shahid-ahamed.hasib/uiework/final_uie/work/teacher_outputs/A_lite_clean/SUIM__d_r_553_.png
/home/shahid-ahamed.hasib/Data/Data/SUIM/train_val/images/d_r_664_.jpg,/home/shahid-ahamed.hasib/uiework/final_uie/work/teacher_outputs/A_lite_clean/SUIM__d_r_664_.png
/home/shahid-ahamed.hasib/Data/Data/SUIM/train_val/images/d_r_742_.jpg,/home/shahid-ahamed.hasib/uiework/final_uie/work/teacher_outputs/A_lite_clean/SUIM__d_r_742_.png
/home/shahid-ahamed.hasib/Data/Data/SUIM/train_val/images/f_r_1000_.jpg,/home/shahid-ahamed.hasib/uiework/final_uie/work/teacher_outputs/A_lite_clean/SUIM__f_r_1000_.png
/home/shahid-ahamed.hasib/Data/Data/SUIM/train_val/images/f_r_1006_.jpg,/home/shahid-ahamed.hasib/uiework/final_uie/work/teacher_outputs/A_lite_clean/SUIM__f_r_1006_.png
/home/shahid-ahamed.hasib/Data/Data/SUIM/train_val/images/f_r_1007_.jpg,/home/shahid-ahamed.hasib/uiework/final_uie/work/teacher_outputs/A_lite_clean/SUIM__f_r_1007_.png
/home/shahid-ahamed.hasib/Data/Data/SUIM/train_val/images/f_r_1011_.jpg,/home/shahid-ahamed.hasib/uiework/final_uie/work/teacher_outputs/A_lite_clean/SUIM__f_r_1011_.png
/home/shahid-ahamed.hasib/Data/Data/SUIM/train_val/images/f_r_1012_.jpg,/home/shahid-ahamed.hasib/uiework/final_uie/work/teacher_outputs/A_lite_clean/SUIM__f_r_1012_.png
/home/shahid-ahamed.hasib/Data/Data/SUIM/train_val/images/f_r_1013_.jpg,/home/shahid-ahamed.hasib/uiework/final_uie/work/teacher_outputs/A_lite_clean/SUIM__f_r_1013_.png
/home/shahid-ahamed.hasib/Data/Data/SUIM/train_val/images/f_r_1014_.jpg,/home/shahid-ahamed.hasib/uiework/final_uie/work/teacher_outputs/A_lite_clean/SUIM__f_r_1014_.png
/home/shahid-ahamed.hasib/Data/Data/SUIM/train_val/images/f_r_1016_.jpg,/home/shahid-ahamed.hasib/uiework/final_uie/work/teacher_outputs/A_lite_clean/SUIM__f_r_1016_.png
/home/shahid-ahamed.hasib/Data/Data/SUIM/train_val/images/f_r_1017_.jpg,/home/shahid-ahamed.hasib/uiework/final_uie/work/teacher_outputs/A_lite_clean/SUIM__f_r_1017_.png
/home/shahid-ahamed.hasib/Data/Data/SUIM/train_val/images/f_r_1019_.jpg,/home/shahid-ahamed.hasib/uiework/final_uie/work/teacher_outputs/A_lite_clean/SUIM__f_r_1019_.png
/home/shahid-ahamed.hasib/Data/Data/SUIM/train_val/images/f_r_1020_.jpg,/home/shahid-ahamed.hasib/uiework/final_uie/work/teacher_outputs/A_lite_clean/SUIM__f_r_1020_.png
/home/shahid-ahamed.hasib/Data/Data/SUIM/train_val/images/f_r_1021_.jpg,/home/shahid-ahamed.hasib/uiework/final_uie/work/teacher_outputs/A_lite_clean/SUIM__f_r_1021_.png
/home/shahid-ahamed.hasib/Data/Data/SUIM/train_val/images/f_r_1023_.jpg,/home/shahid-ahamed.hasib/uiework/final_uie/work/teacher_outputs/A_lite_clean/SUIM__f_r_1023_.png
/home/shahid-ahamed.hasib/Data/Data/SUIM/train_val/images/f_r_1024_.jpg,/home/shahid-ahamed.hasib/uiework/final_uie/work/teacher_outputs/A_lite_clean/SUIM__f_r_1024_.png
/home/shahid-ahamed.hasib/Data/Data/SUIM/train_val/images/f_r_1025_.jpg,/home/shahid-ahamed.hasib/uiework/final_uie/work/teacher_outputs/A_lite_clean/SUIM__f_r_1025_.png
/home/shahid-ahamed.hasib/Data/Data/SUIM/train_val/images/f_r_1026_.jpg,/home/shahid-ahamed.hasib/uiework/final_uie/work/teacher_outputs/A_lite_clean/SUIM__f_r_1026_.png
/home/shahid-ahamed.hasib/Data/Data/SUIM/train_val/images/f_r_1028_.jpg,/home/shahid-ahamed.hasib/uiework/final_uie/work/teacher_outputs/A_lite_clean/SUIM__f_r_1028_.png
/home/shahid-ahamed.hasib/Data/Data/SUIM/train_val/images/f_r_1029_.jpg,/home/shahid-ahamed.hasib/uiework/final_uie/work/teacher_outputs/A_lite_clean/SUIM__f_r_1029_.png
/home/shahid-ahamed.hasib/Data/Data/SUIM/train_val/images/f_r_1030_.jpg,/home/shahid-ahamed.hasib/uiework/final_uie/work/teacher_outputs/A_lite_clean/SUIM__f_r_1030_.png
/home/shahid-ahamed.hasib/Data/Data/SUIM/train_val/images/f_r_1031_.jpg,/home/shahid-ahamed.hasib/uiework/final_uie/work/teacher_outputs/A_lite_clean/SUIM__f_r_1031_.png
/home/shahid-ahamed.hasib/Data/Data/SUIM/train_val/images/f_r_1032_.jpg,/home/shahid-ahamed.hasib/uiework/final_uie/work/teacher_outputs/A_lite_clean/SUIM__f_r_1032_.png
/home/shahid-ahamed.hasib/Data/Data/SUIM/train_val/images/f_r_1034_.jpg,/home/shahid-ahamed.hasib/uiework/final_uie/work/teacher_outputs/A_lite_clean/SUIM__f_r_1034_.png
/home/shahid-ahamed.hasib/Data/Data/SUIM/train_val/images/f_r_1036_.jpg,/home/shahid-ahamed.hasib/uiework/final_uie/work/teacher_outputs/A_lite_clean/SUIM__f_r_1036_.png
/home/shahid-ahamed.hasib/Data/Data/SUIM/train_val/images/f_r_1037_.jpg,/home/shahid-ahamed.hasib/uiework/final_uie/work/teacher_outputs/A_lite_clean/SUIM__f_r_1037_.png
/home/shahid-ahamed.hasib/Data/Data/SUIM/train_val/images/f_r_1039_.jpg,/home/shahid-ahamed.hasib/uiework/final_uie/work/teacher_outputs/A_lite_clean/SUIM__f_r_1039_.png
/home/shahid-ahamed.hasib/Data/Data/SUIM/train_val/images/f_r_1040_.jpg,/home/shahid-ahamed.hasib/uiework/final_uie/work/teacher_outputs/A_lite_clean/SUIM__f_r_1040_.png
/home/shahid-ahamed.hasib/Data/Data/SUIM/train_val/images/f_r_1041_.jpg,/home/shahid-ahamed.hasib/uiework/final_uie/work/teacher_outputs/A_lite_clean/SUIM__f_r_1041_.png
/home/shahid-ahamed.hasib/Data/Data/SUIM/train_val/images/f_r_1042_.jpg,/home/shahid-ahamed.hasib/uiework/final_uie/work/teacher_outputs/A_lite_clean/SUIM__f_r_1042_.png
/home/shahid-ahamed.hasib/Data/Data/SUIM/train_val/images/f_r_1044_.jpg,/home/shahid-ahamed.hasib/uiework/final_uie/work/teacher_outputs/A_lite_clean/SUIM__f_r_1044_.png
/home/shahid-ahamed.hasib/Data/Data/SUIM/train_val/images/f_r_1046_.jpg,/home/shahid-ahamed.hasib/uiework/final_uie/work/teacher_outputs/A_lite_clean/SUIM__f_r_1046_.png
/home/shahid-ahamed.hasib/Data/Data/SUIM/train_val/images/f_r_1047_.jpg,/home/shahid-ahamed.hasib/uiework/final_uie/work/teacher_outputs/A_lite_clean/SUIM__f_r_1047_.png
/home/shahid-ahamed.hasib/Data/Data/SUIM/train_val/images/f_r_1048_.jpg,/home/shahid-ahamed.hasib/uiework/final_uie/work/teacher_outputs/A_lite_clean/SUIM__f_r_1048_.png
/home/shahid-ahamed.hasib/Data/Data/SUIM/train_val/images/f_r_1049_.jpg,/home/shahid-ahamed.hasib/uiework/final_uie/work/teacher_outputs/A_lite_clean/SUIM__f_r_1049_.png
/home/shahid-ahamed.hasib/Data/Data/SUIM/train_val/images/f_r_1050_.jpg,/home/shahid-ahamed.hasib/uiework/final_uie/work/teacher_outputs/A_lite_clean/SUIM__f_r_1050_.png
/home/shahid-ahamed.hasib/Data/Data/SUIM/train_val/images/f_r_1052_.jpg,/home/shahid-ahamed.hasib/uiework/final_uie/work/teacher_outputs/A_lite_clean/SUIM__f_r_1052_.png
/home/shahid-ahamed.hasib/Data/Data/SUIM/train_val/images/f_r_1053_.jpg,/home/shahid-ahamed.hasib/uiework/final_uie/work/teacher_outputs/A_lite_clean/SUIM__f_r_1053_.png
/home/shahid-ahamed.hasib/Data/Data/SUIM/train_val/images/f_r_1054_.jpg,/home/shahid-ahamed.hasib/uiework/final_uie/work/teacher_outputs/A_lite_clean/SUIM__f_r_1054_.png
/home/shahid-ahamed.hasib/Data/Data/SUIM/train_val/images/f_r_1058_.jpg,/home/shahid-ahamed.hasib/uiework/final_uie/work/teacher_outputs/A_lite_clean/SUIM__f_r_1058_.png
/home/shahid-ahamed.hasib/Data/Data/SUIM/train_val/images/f_r_1060_.jpg,/home/shahid-ahamed.hasib/uiework/final_uie/work/teacher_outputs/A_lite_clean/SUIM__f_r_1060_.png
/home/shahid-ahamed.hasib/Data/Data/SUIM/train_val/images/f_r_1061_.jpg,/home/shahid-ahamed.hasib/uiework/final_uie/work/teacher_outputs/A_lite_clean/SUIM__f_r_1061_.png
/home/shahid-ahamed.hasib/Data/Data/SUIM/train_val/images/f_r_1062_.jpg,/home/shahid-ahamed.hasib/uiework/final_uie/work/teacher_outputs/A_lite_clean/SUIM__f_r_1062_.png
/home/shahid-ahamed.hasib/Data/Data/SUIM/train_val/images/f_r_1063_.jpg,/home/shahid-ahamed.hasib/uiework/final_uie/work/teacher_outputs/A_lite_clean/SUIM__f_r_1063_.png
/home/shahid-ahamed.hasib/Data/Data/SUIM/train_val/images/f_r_1064_.jpg,/home/shahid-ahamed.hasib/uiework/final_uie/work/teacher_outputs/A_lite_clean/SUIM__f_r_1064_.png
/home/shahid-ahamed.hasib/Data/Data/SUIM/train_val/images/f_r_1066_.jpg,/home/shahid-ahamed.hasib/uiework/final_uie/work/teacher_outputs/A_lite_clean/SUIM__f_r_1066_.png
/home/shahid-ahamed.hasib/Data/Data/SUIM/train_val/images/f_r_1067_.jpg,/home/shahid-ahamed.hasib/uiework/final_uie/work/teacher_outputs/A_lite_clean/SUIM__f_r_1067_.png
/home/shahid-ahamed.hasib/Data/Data/SUIM/train_val/images/f_r_1068_.jpg,/home/shahid-ahamed.hasib/uiework/final_uie/work/teacher_outputs/A_lite_clean/SUIM__f_r_1068_.png
/home/shahid-ahamed.hasib/Data/Data/SUIM/train_val/images/f_r_1069_.jpg,/home/shahid-ahamed.hasib/uiework/final_uie/work/teacher_outputs/A_lite_clean/SUIM__f_r_1069_.png
/home/shahid-ahamed.hasib/Data/Data/SUIM/train_val/images/f_r_1070_.jpg,/home/shahid-ahamed.hasib/uiework/final_uie/work/teacher_outputs/A_lite_clean/SUIM__f_r_1070_.png
/home/shahid-ahamed.hasib/Data/Data/SUIM/train_val/images/f_r_1071_.jpg,/home/shahid-ahamed.hasib/uiework/final_uie/work/teacher_outputs/A_lite_clean/SUIM__f_r_1071_.png
/home/shahid-ahamed.hasib/Data/Data/SUIM/train_val/images/f_r_1072_.jpg,/home/shahid-ahamed.hasib/uiework/final_uie/work/teacher_outputs/A_lite_clean/SUIM__f_r_1072_.png
/home/shahid-ahamed.hasib/Data/Data/SUIM/train_val/images/f_r_1073_.jpg,/home/shahid-ahamed.hasib/uiework/final_uie/work/teacher_outputs/A_lite_clean/SUIM__f_r_1073_.png
/home/shahid-ahamed.hasib/Data/Data/SUIM/train_val/images/f_r_1075_.jpg,/home/shahid-ahamed.hasib/uiework/final_uie/work/teacher_outputs/A_lite_clean/SUIM__f_r_1075_.png
/home/shahid-ahamed.hasib/Data/Data/SUIM/train_val/images/f_r_1076_.jpg,/home/shahid-ahamed.hasib/uiework/final_uie/work/teacher_outputs/A_lite_clean/SUIM__f_r_1076_.png
/home/shahid-ahamed.hasib/Data/Data/SUIM/train_val/images/f_r_1077_.jpg,/home/shahid-ahamed.hasib/uiework/final_uie/work/teacher_outputs/A_lite_clean/SUIM__f_r_1077_.png
/home/shahid-ahamed.hasib/Data/Data/SUIM/train_val/images/f_r_1078_.jpg,/home/shahid-ahamed.hasib/uiework/final_uie/work/teacher_outputs/A_lite_clean/SUIM__f_r_1078_.png
/home/shahid-ahamed.hasib/Data/Data/SUIM/train_val/images/f_r_1080_.jpg,/home/shahid-ahamed.hasib/uiework/final_uie/work/teacher_outputs/A_lite_clean/SUIM__f_r_1080_.png
/home/shahid-ahamed.hasib/Data/Data/SUIM/train_val/images/f_r_1081_.jpg,/home/shahid-ahamed.hasib/uiework/final_uie/work/teacher_outputs/A_lite_clean/SUIM__f_r_1081_.png
/home/shahid-ahamed.hasib/Data/Data/SUIM/train_val/images/f_r_1082_.jpg,/home/shahid-ahamed.hasib/uiework/final_uie/work/teacher_outputs/A_lite_clean/SUIM__f_r_1082_.png
/home/shahid-ahamed.hasib/Data/Data/SUIM/train_val/images/f_r_1083_.jpg,/home/shahid-ahamed.hasib/uiework/final_uie/work/teacher_outputs/A_lite_clean/SUIM__f_r_1083_.png
/home/shahid-ahamed.hasib/Data/Data/SUIM/train_val/images/f_r_1086_.jpg,/home/shahid-ahamed.hasib/uiework/final_uie/work/teacher_outputs/A_lite_clean/SUIM__f_r_1086_.png
/home/shahid-ahamed.hasib/Data/Data/SUIM/train_val/images/f_r_1087_.jpg,/home/shahid-ahamed.hasib/uiework/final_uie/work/teacher_outputs/A_lite_clean/SUIM__f_r_1087_.png
/home/shahid-ahamed.hasib/Data/Data/SUIM/train_val/images/f_r_1088_.jpg,/home/shahid-ahamed.hasib/uiework/final_uie/work/teacher_outputs/A_lite_clean/SUIM__f_r_1088_.png
/home/shahid-ahamed.hasib/Data/Data/SUIM/train_val/images/f_r_1093_.jpg,/home/shahid-ahamed.hasib/uiework/final_uie/work/teacher_outputs/A_lite_clean/SUIM__f_r_1093_.png
/home/shahid-ahamed.hasib/Data/Data/SUIM/train_val/images/f_r_1095_.jpg,/home/shahid-ahamed.hasib/uiework/final_uie/work/teacher_outputs/A_lite_clean/SUIM__f_r_1095_.png
/home/shahid-ahamed.hasib/Data/Data/SUIM/train_val/images/f_r_1096_.jpg,/home/shahid-ahamed.hasib/uiework/final_uie/work/teacher_outputs/A_lite_clean/SUIM__f_r_1096_.png
/home/shahid-ahamed.hasib/Data/Data/SUIM/train_val/images/f_r_1097_.jpg,/home/shahid-ahamed.hasib/uiework/final_uie/work/teacher_outputs/A_lite_clean/SUIM__f_r_1097_.png
/home/shahid-ahamed.hasib/Data/Data/SUIM/train_val/images/f_r_1098_.jpg,/home/shahid-ahamed.hasib/uiework/final_uie/work/teacher_outputs/A_lite_clean/SUIM__f_r_1098_.png
/home/shahid-ahamed.hasib/Data/Data/SUIM/train_val/images/f_r_1099_.jpg,/home/shahid-ahamed.hasib/uiework/final_uie/work/teacher_outputs/A_lite_clean/SUIM__f_r_1099_.png
/home/shahid-ahamed.hasib/Data/Data/SUIM/train_val/images/f_r_1102_.jpg,/home/shahid-ahamed.hasib/uiework/final_uie/work/teacher_outputs/A_lite_clean/SUIM__f_r_1102_.png
/home/shahid-ahamed.hasib/Data/Data/SUIM/train_val/images/f_r_1107_.jpg,/home/shahid-ahamed.hasib/uiework/final_uie/work/teacher_outputs/A_lite_clean/SUIM__f_r_1107_.png
/home/shahid-ahamed.hasib/Data/Data/SUIM/train_val/images/f_r_1108_.jpg,/home/shahid-ahamed.hasib/uiework/final_uie/work/teacher_outputs/A_lite_clean/SUIM__f_r_1108_.png
/home/shahid-ahamed.hasib/Data/Data/SUIM/train_val/images/f_r_1109_.jpg,/home/shahid-ahamed.hasib/uiework/final_uie/work/teacher_outputs/A_lite_clean/SUIM__f_r_1109_.png
/home/shahid-ahamed.hasib/Data/Data/SUIM/train_val/images/f_r_1110_.jpg,/home/shahid-ahamed.hasib/uiework/final_uie/work/teacher_outputs/A_lite_clean/SUIM__f_r_1110_.png
/home/shahid-ahamed.hasib/Data/Data/SUIM/train_val/images/f_r_1112_.jpg,/home/shahid-ahamed.hasib/uiework/final_uie/work/teacher_outputs/A_lite_clean/SUIM__f_r_1112_.png
/home/shahid-ahamed.hasib/Data/Data/SUIM/train_val/images/f_r_1113_.jpg,/home/shahid-ahamed.hasib/uiework/final_uie/work/teacher_outputs/A_lite_clean/SUIM__f_r_1113_.png
/home/shahid-ahamed.hasib/Data/Data/SUIM/train_val/images/f_r_1114_.jpg,/home/shahid-ahamed.hasib/uiework/final_uie/work/teacher_outputs/A_lite_clean/SUIM__f_r_1114_.png
/home/shahid-ahamed.hasib/Data/Data/SUIM/train_val/images/f_r_1115_.jpg,/home/shahid-ahamed.hasib/uiework/final_uie/work/teacher_outputs/A_lite_clean/SUIM__f_r_1115_.png
/home/shahid-ahamed.hasib/Data/Data/SUIM/train_val/images/f_r_1116_.jpg,/home/shahid-ahamed.hasib/uiework/final_uie/work/teacher_outputs/A_lite_clean/SUIM__f_r_1116_.png
/home/shahid-ahamed.hasib/Data/Data/SUIM/train_val/images/f_r_1118_.jpg,/home/shahid-ahamed.hasib/uiework/final_uie/work/teacher_outputs/A_lite_clean/SUIM__f_r_1118_.png
/home/shahid-ahamed.hasib/Data/Data/SUIM/train_val/images/f_r_1119_.jpg,/home/shahid-ahamed.hasib/uiework/final_uie/work/teacher_outputs/A_lite_clean/SUIM__f_r_1119_.png
/home/shahid-ahamed.hasib/Data/Data/SUIM/train_val/images/f_r_1120_.jpg,/home/shahid-ahamed.hasib/uiework/final_uie/work/teacher_outputs/A_lite_clean/SUIM__f_r_1120_.png
/home/shahid-ahamed.hasib/Data/Data/SUIM/train_val/images/f_r_1123_.jpg,/home/shahid-ahamed.hasib/uiework/final_uie/work/teacher_outputs/A_lite_clean/SUIM__f_r_1123_.png
/home/shahid-ahamed.hasib/Data/Data/SUIM/train_val/images/f_r_1124_.jpg,/home/shahid-ahamed.hasib/uiework/final_uie/work/teacher_outputs/A_lite_clean/SUIM__f_r_1124_.png
/home/shahid-ahamed.hasib/Data/Data/SUIM/train_val/images/f_r_1125_.jpg,/home/shahid-ahamed.hasib/uiework/final_uie/work/teacher_outputs/A_lite_clean/SUIM__f_r_1125_.png
/home/shahid-ahamed.hasib/Data/Data/SUIM/train_val/images/f_r_1127_.jpg,/home/shahid-ahamed.hasib/uiework/final_uie/work/teacher_outputs/A_lite_clean/SUIM__f_r_1127_.png
/home/shahid-ahamed.hasib/Data/Data/SUIM/train_val/images/f_r_1128_.jpg,/home/shahid-ahamed.hasib/uiework/final_uie/work/teacher_outputs/A_lite_clean/SUIM__f_r_1128_.png
/home/shahid-ahamed.hasib/Data/Data/SUIM/train_val/images/f_r_1129_.jpg,/home/shahid-ahamed.hasib/uiework/final_uie/work/teacher_outputs/A_lite_clean/SUIM__f_r_1129_.png
/home/shahid-ahamed.hasib/Data/Data/SUIM/train_val/images/f_r_1130_.jpg,/home/shahid-ahamed.hasib/uiework/final_uie/work/teacher_outputs/A_lite_clean/SUIM__f_r_1130_.png
/home/shahid-ahamed.hasib/Data/Data/SUIM/train_val/images/f_r_1131_.jpg,/home/shahid-ahamed.hasib/uiework/final_uie/work/teacher_outputs/A_lite_clean/SUIM__f_r_1131_.png
/home/shahid-ahamed.hasib/Data/Data/SUIM/train_val/images/f_r_1133_.jpg,/home/shahid-ahamed.hasib/uiework/final_uie/work/teacher_outputs/A_lite_clean/SUIM__f_r_1133_.png
/home/shahid-ahamed.hasib/Data/Data/SUIM/train_val/images/f_r_1134_.jpg,/home/shahid-ahamed.hasib/uiework/final_uie/work/teacher_outputs/A_lite_clean/SUIM__f_r_1134_.png
/home/shahid-ahamed.hasib/Data/Data/SUIM/train_val/images/f_r_1136_.jpg,/home/shahid-ahamed.hasib/uiework/final_uie/work/teacher_outputs/A_lite_clean/SUIM__f_r_1136_.png
/home/shahid-ahamed.hasib/Data/Data/SUIM/train_val/images/f_r_1137_.jpg,/home/shahid-ahamed.hasib/uiework/final_uie/work/teacher_outputs/A_lite_clean/SUIM__f_r_1137_.png
/home/shahid-ahamed.hasib/Data/Data/SUIM/train_val/images/f_r_1140_.jpg,/home/shahid-ahamed.hasib/uiework/final_uie/work/teacher_outputs/A_lite_clean/SUIM__f_r_1140_.png
/home/shahid-ahamed.hasib/Data/Data/SUIM/train_val/images/f_r_1142_.jpg,/home/shahid-ahamed.hasib/uiework/final_uie/work/teacher_outputs/A_lite_clean/SUIM__f_r_1142_.png
/home/shahid-ahamed.hasib/Data/Data/SUIM/train_val/images/f_r_1144_.jpg,/home/shahid-ahamed.hasib/uiework/final_uie/work/teacher_outputs/A_lite_clean/SUIM__f_r_1144_.png
/home/shahid-ahamed.hasib/Data/Data/SUIM/train_val/images/f_r_1147_.jpg,/home/shahid-ahamed.hasib/uiework/final_uie/work/teacher_outputs/A_lite_clean/SUIM__f_r_1147_.png
/home/shahid-ahamed.hasib/Data/Data/SUIM/train_val/images/f_r_1149_.jpg,/home/shahid-ahamed.hasib/uiework/final_uie/work/teacher_outputs/A_lite_clean/SUIM__f_r_1149_.png
/home/shahid-ahamed.hasib/Data/Data/SUIM/train_val/images/f_r_1150_.jpg,/home/shahid-ahamed.hasib/uiework/final_uie/work/teacher_outputs/A_lite_clean/SUIM__f_r_1150_.png
/home/shahid-ahamed.hasib/Data/Data/SUIM/train_val/images/f_r_1151_.jpg,/home/shahid-ahamed.hasib/uiework/final_uie/work/teacher_outputs/A_lite_clean/SUIM__f_r_1151_.png
/home/shahid-ahamed.hasib/Data/Data/SUIM/train_val/images/f_r_1152_.jpg,/home/shahid-ahamed.hasib/uiework/final_uie/work/teacher_outputs/A_lite_clean/SUIM__f_r_1152_.png
/home/shahid-ahamed.hasib/Data/Data/SUIM/train_val/images/f_r_1153_.jpg,/home/shahid-ahamed.hasib/uiework/final_uie/work/teacher_outputs/A_lite_clean/SUIM__f_r_1153_.png
/home/shahid-ahamed.hasib/Data/Data/SUIM/train_val/images/f_r_1154_.jpg,/home/shahid-ahamed.hasib/uiework/final_uie/work/teacher_outputs/A_lite_clean/SUIM__f_r_1154_.png
/home/shahid-ahamed.hasib/Data/Data/SUIM/train_val/images/f_r_1155_.jpg,/home/shahid-ahamed.hasib/uiework/final_uie/work/teacher_outputs/A_lite_clean/SUIM__f_r_1155_.png
/home/shahid-ahamed.hasib/Data/Data/SUIM/train_val/images/f_r_1157_.jpg,/home/shahid-ahamed.hasib/uiework/final_uie/work/teacher_outputs/A_lite_clean/SUIM__f_r_1157_.png
/home/shahid-ahamed.hasib/Data/Data/SUIM/train_val/images/f_r_1161_.jpg,/home/shahid-ahamed.hasib/uiework/final_uie/work/teacher_outputs/A_lite_clean/SUIM__f_r_1161_.png
/home/shahid-ahamed.hasib/Data/Data/SUIM/train_val/images/f_r_1162_.jpg,/home/shahid-ahamed.hasib/uiework/final_uie/work/teacher_outputs/A_lite_clean/SUIM__f_r_1162_.png
/home/shahid-ahamed.hasib/Data/Data/SUIM/train_val/images/f_r_1163_.jpg,/home/shahid-ahamed.hasib/uiework/final_uie/work/teacher_outputs/A_lite_clean/SUIM__f_r_1163_.png
/home/shahid-ahamed.hasib/Data/Data/SUIM/train_val/images/f_r_1164_.jpg,/home/shahid-ahamed.hasib/uiework/final_uie/work/teacher_outputs/A_lite_clean/SUIM__f_r_1164_.png
/home/shahid-ahamed.hasib/Data/Data/SUIM/train_val/images/f_r_1166_.jpg,/home/shahid-ahamed.hasib/uiework/final_uie/work/teacher_outputs/A_lite_clean/SUIM__f_r_1166_.png
/home/shahid-ahamed.hasib/Data/Data/SUIM/train_val/images/f_r_1167_.jpg,/home/shahid-ahamed.hasib/uiework/final_uie/work/teacher_outputs/A_lite_clean/SUIM__f_r_1167_.png
/home/shahid-ahamed.hasib/Data/Data/SUIM/train_val/images/f_r_1168_.jpg,/home/shahid-ahamed.hasib/uiework/final_uie/work/teacher_outputs/A_lite_clean/SUIM__f_r_1168_.png
/home/shahid-ahamed.hasib/Data/Data/SUIM/train_val/images/f_r_1171_.jpg,/home/shahid-ahamed.hasib/uiework/final_uie/work/teacher_outputs/A_lite_clean/SUIM__f_r_1171_.png
/home/shahid-ahamed.hasib/Data/Data/SUIM/train_val/images/f_r_1175_.jpg,/home/shahid-ahamed.hasib/uiework/final_uie/work/teacher_outputs/A_lite_clean/SUIM__f_r_1175_.png
/home/shahid-ahamed.hasib/Data/Data/SUIM/train_val/images/f_r_1176_.jpg,/home/shahid-ahamed.hasib/uiework/final_uie/work/teacher_outputs/A_lite_clean/SUIM__f_r_1176_.png
/home/shahid-ahamed.hasib/Data/Data/SUIM/train_val/images/f_r_1177_.jpg,/home/shahid-ahamed.hasib/uiework/final_uie/work/teacher_outputs/A_lite_clean/SUIM__f_r_1177_.png
/home/shahid-ahamed.hasib/Data/Data/SUIM/train_val/images/f_r_1178_.jpg,/home/shahid-ahamed.hasib/uiework/final_uie/work/teacher_outputs/A_lite_clean/SUIM__f_r_1178_.png
/home/shahid-ahamed.hasib/Data/Data/SUIM/train_val/images/f_r_1179_.jpg,/home/shahid-ahamed.hasib/uiework/final_uie/work/teacher_outputs/A_lite_clean/SUIM__f_r_1179_.png
/home/shahid-ahamed.hasib/Data/Data/SUIM/train_val/images/f_r_1180_.jpg,/home/shahid-ahamed.hasib/uiework/final_uie/work/teacher_outputs/A_lite_clean/SUIM__f_r_1180_.png
/home/shahid-ahamed.hasib/Data/Data/SUIM/train_val/images/f_r_1183_.jpg,/home/shahid-ahamed.hasib/uiework/final_uie/work/teacher_outputs/A_lite_clean/SUIM__f_r_1183_.png
/home/shahid-ahamed.hasib/Data/Data/SUIM/train_val/images/f_r_1187_.jpg,/home/shahid-ahamed.hasib/uiework/final_uie/work/teacher_outputs/A_lite_clean/SUIM__f_r_1187_.png
/home/shahid-ahamed.hasib/Data/Data/SUIM/train_val/images/f_r_1192_.jpg,/home/shahid-ahamed.hasib/uiework/final_uie/work/teacher_outputs/A_lite_clean/SUIM__f_r_1192_.png
/home/shahid-ahamed.hasib/Data/Data/SUIM/train_val/images/f_r_1193_.jpg,/home/shahid-ahamed.hasib/uiework/final_uie/work/teacher_outputs/A_lite_clean/SUIM__f_r_1193_.png
/home/shahid-ahamed.hasib/Data/Data/SUIM/train_val/images/f_r_1194_.jpg,/home/shahid-ahamed.hasib/uiework/final_uie/work/teacher_outputs/A_lite_clean/SUIM__f_r_1194_.png
/home/shahid-ahamed.hasib/Data/Data/SUIM/train_val/images/f_r_1195_.jpg,/home/shahid-ahamed.hasib/uiework/final_uie/work/teacher_outputs/A_lite_clean/SUIM__f_r_1195_.png
/home/shahid-ahamed.hasib/Data/Data/SUIM/train_val/images/f_r_1196_.jpg,/home/shahid-ahamed.hasib/uiework/final_uie/work/teacher_outputs/A_lite_clean/SUIM__f_r_1196_.png
/home/shahid-ahamed.hasib/Data/Data/SUIM/train_val/images/f_r_1197_.jpg,/home/shahid-ahamed.hasib/uiework/final_uie/work/teacher_outputs/A_lite_clean/SUIM__f_r_1197_.png
/home/shahid-ahamed.hasib/Data/Data/SUIM/train_val/images/f_r_1198_.jpg,/home/shahid-ahamed.hasib/uiework/final_uie/work/teacher_outputs/A_lite_clean/SUIM__f_r_1198_.png
/home/shahid-ahamed.hasib/Data/Data/SUIM/train_val/images/f_r_1200_.jpg,/home/shahid-ahamed.hasib/uiework/final_uie/work/teacher_outputs/A_lite_clean/SUIM__f_r_1200_.png
/home/shahid-ahamed.hasib/Data/Data/SUIM/train_val/images/f_r_1201_.jpg,/home/shahid-ahamed.hasib/uiework/final_uie/work/teacher_outputs/A_lite_clean/SUIM__f_r_1201_.png
/home/shahid-ahamed.hasib/Data/Data/SUIM/train_val/images/f_r_1202_.jpg,/home/shahid-ahamed.hasib/uiework/final_uie/work/teacher_outputs/A_lite_clean/SUIM__f_r_1202_.png
/home/shahid-ahamed.hasib/Data/Data/SUIM/train_val/images/f_r_1207_.jpg,/home/shahid-ahamed.hasib/uiework/final_uie/work/teacher_outputs/A_lite_clean/SUIM__f_r_1207_.png
/home/shahid-ahamed.hasib/Data/Data/SUIM/train_val/images/f_r_1208_.jpg,/home/shahid-ahamed.hasib/uiework/final_uie/work/teacher_outputs/A_lite_clean/SUIM__f_r_1208_.png
/home/shahid-ahamed.hasib/Data/Data/SUIM/train_val/images/f_r_1209_.jpg,/home/shahid-ahamed.hasib/uiework/final_uie/work/teacher_outputs/A_lite_clean/SUIM__f_r_1209_.png
/home/shahid-ahamed.hasib/Data/Data/SUIM/train_val/images/f_r_1210_.jpg,/home/shahid-ahamed.hasib/uiework/final_uie/work/teacher_outputs/A_lite_clean/SUIM__f_r_1210_.png
/home/shahid-ahamed.hasib/Data/Data/SUIM/train_val/images/f_r_1212_.jpg,/home/shahid-ahamed.hasib/uiework/final_uie/work/teacher_outputs/A_lite_clean/SUIM__f_r_1212_.png
/home/shahid-ahamed.hasib/Data/Data/SUIM/train_val/images/f_r_1214_.jpg,/home/shahid-ahamed.hasib/uiework/final_uie/work/teacher_outputs/A_lite_clean/SUIM__f_r_1214_.png
/home/shahid-ahamed.hasib/Data/Data/SUIM/train_val/images/f_r_1215_.jpg,/home/shahid-ahamed.hasib/uiework/final_uie/work/teacher_outputs/A_lite_clean/SUIM__f_r_1215_.png
/home/shahid-ahamed.hasib/Data/Data/SUIM/train_val/images/f_r_1216_.jpg,/home/shahid-ahamed.hasib/uiework/final_uie/work/teacher_outputs/A_lite_clean/SUIM__f_r_1216_.png
/home/shahid-ahamed.hasib/Data/Data/SUIM/train_val/images/f_r_1219_.jpg,/home/shahid-ahamed.hasib/uiework/final_uie/work/teacher_outputs/A_lite_clean/SUIM__f_r_1219_.png
/home/shahid-ahamed.hasib/Data/Data/SUIM/train_val/images/f_r_1221_.jpg,/home/shahid-ahamed.hasib/uiework/final_uie/work/teacher_outputs/A_lite_clean/SUIM__f_r_1221_.png
/home/shahid-ahamed.hasib/Data/Data/SUIM/train_val/images/f_r_1224_.jpg,/home/shahid-ahamed.hasib/uiework/final_uie/work/teacher_outputs/A_lite_clean/SUIM__f_r_1224_.png
/home/shahid-ahamed.hasib/Data/Data/SUIM/train_val/images/f_r_1227_.jpg,/home/shahid-ahamed.hasib/uiework/final_uie/work/teacher_outputs/A_lite_clean/SUIM__f_r_1227_.png
/home/shahid-ahamed.hasib/Data/Data/SUIM/train_val/images/f_r_1230_.jpg,/home/shahid-ahamed.hasib/uiework/final_uie/work/teacher_outputs/A_lite_clean/SUIM__f_r_1230_.png
/home/shahid-ahamed.hasib/Data/Data/SUIM/train_val/images/f_r_1231_.jpg,/home/shahid-ahamed.hasib/uiework/final_uie/work/teacher_outputs/A_lite_clean/SUIM__f_r_1231_.png
/home/shahid-ahamed.hasib/Data/Data/SUIM/train_val/images/f_r_1232_.jpg,/home/shahid-ahamed.hasib/uiework/final_uie/work/teacher_outputs/A_lite_clean/SUIM__f_r_1232_.png
/home/shahid-ahamed.hasib/Data/Data/SUIM/train_val/images/f_r_1233_.jpg,/home/shahid-ahamed.hasib/uiework/final_uie/work/teacher_outputs/A_lite_clean/SUIM__f_r_1233_.png
/home/shahid-ahamed.hasib/Data/Data/SUIM/train_val/images/f_r_1235_.jpg,/home/shahid-ahamed.hasib/uiework/final_uie/work/teacher_outputs/A_lite_clean/SUIM__f_r_1235_.png
/home/shahid-ahamed.hasib/Data/Data/SUIM/train_val/images/f_r_1237_.jpg,/home/shahid-ahamed.hasib/uiework/final_uie/work/teacher_outputs/A_lite_clean/SUIM__f_r_1237_.png
/home/shahid-ahamed.hasib/Data/Data/SUIM/train_val/images/f_r_1238_.jpg,/home/shahid-ahamed.hasib/uiework/final_uie/work/teacher_outputs/A_lite_clean/SUIM__f_r_1238_.png
/home/shahid-ahamed.hasib/Data/Data/SUIM/train_val/images/f_r_1239_.jpg,/home/shahid-ahamed.hasib/uiework/final_uie/work/teacher_outputs/A_lite_clean/SUIM__f_r_1239_.png
/home/shahid-ahamed.hasib/Data/Data/SUIM/train_val/images/f_r_1241_.jpg,/home/shahid-ahamed.hasib/uiework/final_uie/work/teacher_outputs/A_lite_clean/SUIM__f_r_1241_.png
/home/shahid-ahamed.hasib/Data/Data/SUIM/train_val/images/f_r_1242_.jpg,/home/shahid-ahamed.hasib/uiework/final_uie/work/teacher_outputs/A_lite_clean/SUIM__f_r_1242_.png
/home/shahid-ahamed.hasib/Data/Data/SUIM/train_val/images/f_r_1243_.jpg,/home/shahid-ahamed.hasib/uiework/final_uie/work/teacher_outputs/A_lite_clean/SUIM__f_r_1243_.png
/home/shahid-ahamed.hasib/Data/Data/SUIM/train_val/images/f_r_1246_.jpg,/home/shahid-ahamed.hasib/uiework/final_uie/work/teacher_outputs/A_lite_clean/SUIM__f_r_1246_.png
/home/shahid-ahamed.hasib/Data/Data/SUIM/train_val/images/f_r_1249_.jpg,/home/shahid-ahamed.hasib/uiework/final_uie/work/teacher_outputs/A_lite_clean/SUIM__f_r_1249_.png
/home/shahid-ahamed.hasib/Data/Data/SUIM/train_val/images/f_r_1252_.jpg,/home/shahid-ahamed.hasib/uiework/final_uie/work/teacher_outputs/A_lite_clean/SUIM__f_r_1252_.png
/home/shahid-ahamed.hasib/Data/Data/SUIM/train_val/images/f_r_1259_.jpg,/home/shahid-ahamed.hasib/uiework/final_uie/work/teacher_outputs/A_lite_clean/SUIM__f_r_1259_.png
/home/shahid-ahamed.hasib/Data/Data/SUIM/train_val/images/f_r_1265_.jpg,/home/shahid-ahamed.hasib/uiework/final_uie/work/teacher_outputs/A_lite_clean/SUIM__f_r_1265_.png
/home/shahid-ahamed.hasib/Data/Data/SUIM/train_val/images/f_r_1267_.jpg,/home/shahid-ahamed.hasib/uiework/final_uie/work/teacher_outputs/A_lite_clean/SUIM__f_r_1267_.png
/home/shahid-ahamed.hasib/Data/Data/SUIM/train_val/images/f_r_1271_.jpg,/home/shahid-ahamed.hasib/uiework/final_uie/work/teacher_outputs/A_lite_clean/SUIM__f_r_1271_.png
/home/shahid-ahamed.hasib/Data/Data/SUIM/train_val/images/f_r_1274_.jpg,/home/shahid-ahamed.hasib/uiework/final_uie/work/teacher_outputs/A_lite_clean/SUIM__f_r_1274_.png
/home/shahid-ahamed.hasib/Data/Data/SUIM/train_val/images/f_r_1280_.jpg,/home/shahid-ahamed.hasib/uiework/final_uie/work/teacher_outputs/A_lite_clean/SUIM__f_r_1280_.png
/home/shahid-ahamed.hasib/Data/Data/SUIM/train_val/images/f_r_1289_.jpg,/home/shahid-ahamed.hasib/uiework/final_uie/work/teacher_outputs/A_lite_clean/SUIM__f_r_1289_.png
/home/shahid-ahamed.hasib/Data/Data/SUIM/train_val/images/f_r_1290_.jpg,/home/shahid-ahamed.hasib/uiework/final_uie/work/teacher_outputs/A_lite_clean/SUIM__f_r_1290_.png
/home/shahid-ahamed.hasib/Data/Data/SUIM/train_val/images/f_r_1291_.jpg,/home/shahid-ahamed.hasib/uiework/final_uie/work/teacher_outputs/A_lite_clean/SUIM__f_r_1291_.png
/home/shahid-ahamed.hasib/Data/Data/SUIM/train_val/images/f_r_1294_.jpg,/home/shahid-ahamed.hasib/uiework/final_uie/work/teacher_outputs/A_lite_clean/SUIM__f_r_1294_.png
/home/shahid-ahamed.hasib/Data/Data/SUIM/train_val/images/f_r_1295_.jpg,/home/shahid-ahamed.hasib/uiework/final_uie/work/teacher_outputs/A_lite_clean/SUIM__f_r_1295_.png
/home/shahid-ahamed.hasib/Data/Data/SUIM/train_val/images/f_r_1296_.jpg,/home/shahid-ahamed.hasib/uiework/final_uie/work/teacher_outputs/A_lite_clean/SUIM__f_r_1296_.png
/home/shahid-ahamed.hasib/Data/Data/SUIM/train_val/images/f_r_1297_.jpg,/home/shahid-ahamed.hasib/uiework/final_uie/work/teacher_outputs/A_lite_clean/SUIM__f_r_1297_.png
/home/shahid-ahamed.hasib/Data/Data/SUIM/train_val/images/f_r_1300_.jpg,/home/shahid-ahamed.hasib/uiework/final_uie/work/teacher_outputs/A_lite_clean/SUIM__f_r_1300_.png
/home/shahid-ahamed.hasib/Data/Data/SUIM/train_val/images/f_r_1301_.jpg,/home/shahid-ahamed.hasib/uiework/final_uie/work/teacher_outputs/A_lite_clean/SUIM__f_r_1301_.png
/home/shahid-ahamed.hasib/Data/Data/SUIM/train_val/images/f_r_1302_.jpg,/home/shahid-ahamed.hasib/uiework/final_uie/work/teacher_outputs/A_lite_clean/SUIM__f_r_1302_.png
/home/shahid-ahamed.hasib/Data/Data/SUIM/train_val/images/f_r_1304_.jpg,/home/shahid-ahamed.hasib/uiework/final_uie/work/teacher_outputs/A_lite_clean/SUIM__f_r_1304_.png
/home/shahid-ahamed.hasib/Data/Data/SUIM/train_val/images/f_r_1305_.jpg,/home/shahid-ahamed.hasib/uiework/final_uie/work/teacher_outputs/A_lite_clean/SUIM__f_r_1305_.png
/home/shahid-ahamed.hasib/Data/Data/SUIM/train_val/images/f_r_1306_.jpg,/home/shahid-ahamed.hasib/uiework/final_uie/work/teacher_outputs/A_lite_clean/SUIM__f_r_1306_.png
/home/shahid-ahamed.hasib/Data/Data/SUIM/train_val/images/f_r_1307_.jpg,/home/shahid-ahamed.hasib/uiework/final_uie/work/teacher_outputs/A_lite_clean/SUIM__f_r_1307_.png
/home/shahid-ahamed.hasib/Data/Data/SUIM/train_val/images/f_r_1313_.jpg,/home/shahid-ahamed.hasib/uiework/final_uie/work/teacher_outputs/A_lite_clean/SUIM__f_r_1313_.png
/home/shahid-ahamed.hasib/Data/Data/SUIM/train_val/images/f_r_1315_.jpg,/home/shahid-ahamed.hasib/uiework/final_uie/work/teacher_outputs/A_lite_clean/SUIM__f_r_1315_.png
/home/shahid-ahamed.hasib/Data/Data/SUIM/train_val/images/f_r_1316_.jpg,/home/shahid-ahamed.hasib/uiework/final_uie/work/teacher_outputs/A_lite_clean/SUIM__f_r_1316_.png
/home/shahid-ahamed.hasib/Data/Data/SUIM/train_val/images/f_r_1317_.jpg,/home/shahid-ahamed.hasib/uiework/final_uie/work/teacher_outputs/A_lite_clean/SUIM__f_r_1317_.png
/home/shahid-ahamed.hasib/Data/Data/SUIM/train_val/images/f_r_1318_.jpg,/home/shahid-ahamed.hasib/uiework/final_uie/work/teacher_outputs/A_lite_clean/SUIM__f_r_1318_.png
/home/shahid-ahamed.hasib/Data/Data/SUIM/train_val/images/f_r_1320_.jpg,/home/shahid-ahamed.hasib/uiework/final_uie/work/teacher_outputs/A_lite_clean/SUIM__f_r_1320_.png
/home/shahid-ahamed.hasib/Data/Data/SUIM/train_val/images/f_r_1321_.jpg,/home/shahid-ahamed.hasib/uiework/final_uie/work/teacher_outputs/A_lite_clean/SUIM__f_r_1321_.png
/home/shahid-ahamed.hasib/Data/Data/SUIM/train_val/images/f_r_1322_.jpg,/home/shahid-ahamed.hasib/uiework/final_uie/work/teacher_outputs/A_lite_clean/SUIM__f_r_1322_.png
/home/shahid-ahamed.hasib/Data/Data/SUIM/train_val/images/f_r_1324_.jpg,/home/shahid-ahamed.hasib/uiework/final_uie/work/teacher_outputs/A_lite_clean/SUIM__f_r_1324_.png
/home/shahid-ahamed.hasib/Data/Data/SUIM/train_val/images/f_r_1327_.jpg,/home/shahid-ahamed.hasib/uiework/final_uie/work/teacher_outputs/A_lite_clean/SUIM__f_r_1327_.png
/home/shahid-ahamed.hasib/Data/Data/SUIM/train_val/images/f_r_1332_.jpg,/home/shahid-ahamed.hasib/uiework/final_uie/work/teacher_outputs/A_lite_clean/SUIM__f_r_1332_.png
/home/shahid-ahamed.hasib/Data/Data/SUIM/train_val/images/f_r_1335_.jpg,/home/shahid-ahamed.hasib/uiework/final_uie/work/teacher_outputs/A_lite_clean/SUIM__f_r_1335_.png
/home/shahid-ahamed.hasib/Data/Data/SUIM/train_val/images/f_r_1339_.jpg,/home/shahid-ahamed.hasib/uiework/final_uie/work/teacher_outputs/A_lite_clean/SUIM__f_r_1339_.png
/home/shahid-ahamed.hasib/Data/Data/SUIM/train_val/images/f_r_1341_.jpg,/home/shahid-ahamed.hasib/uiework/final_uie/work/teacher_outputs/A_lite_clean/SUIM__f_r_1341_.png
/home/shahid-ahamed.hasib/Data/Data/SUIM/train_val/images/f_r_1346_.jpg,/home/shahid-ahamed.hasib/uiework/final_uie/work/teacher_outputs/A_lite_clean/SUIM__f_r_1346_.png
/home/shahid-ahamed.hasib/Data/Data/SUIM/train_val/images/f_r_1347_.jpg,/home/shahid-ahamed.hasib/uiework/final_uie/work/teacher_outputs/A_lite_clean/SUIM__f_r_1347_.png
/home/shahid-ahamed.hasib/Data/Data/SUIM/train_val/images/f_r_1348_.jpg,/home/shahid-ahamed.hasib/uiework/final_uie/work/teacher_outputs/A_lite_clean/SUIM__f_r_1348_.png
/home/shahid-ahamed.hasib/Data/Data/SUIM/train_val/images/f_r_1353_.jpg,/home/shahid-ahamed.hasib/uiework/final_uie/work/teacher_outputs/A_lite_clean/SUIM__f_r_1353_.png
/home/shahid-ahamed.hasib/Data/Data/SUIM/train_val/images/f_r_1355_.jpg,/home/shahid-ahamed.hasib/uiework/final_uie/work/teacher_outputs/A_lite_clean/SUIM__f_r_1355_.png
/home/shahid-ahamed.hasib/Data/Data/SUIM/train_val/images/f_r_1356_.jpg,/home/shahid-ahamed.hasib/uiework/final_uie/work/teacher_outputs/A_lite_clean/SUIM__f_r_1356_.png
/home/shahid-ahamed.hasib/Data/Data/SUIM/train_val/images/f_r_1360_.jpg,/home/shahid-ahamed.hasib/uiework/final_uie/work/teacher_outputs/A_lite_clean/SUIM__f_r_1360_.png
/home/shahid-ahamed.hasib/Data/Data/SUIM/train_val/images/f_r_1362_.jpg,/home/shahid-ahamed.hasib/uiework/final_uie/work/teacher_outputs/A_lite_clean/SUIM__f_r_1362_.png
/home/shahid-ahamed.hasib/Data/Data/SUIM/train_val/images/f_r_1364_.jpg,/home/shahid-ahamed.hasib/uiework/final_uie/work/teacher_outputs/A_lite_clean/SUIM__f_r_1364_.png
/home/shahid-ahamed.hasib/Data/Data/SUIM/train_val/images/f_r_1365_.jpg,/home/shahid-ahamed.hasib/uiework/final_uie/work/teacher_outputs/A_lite_clean/SUIM__f_r_1365_.png
/home/shahid-ahamed.hasib/Data/Data/SUIM/train_val/images/f_r_1369_.jpg,/home/shahid-ahamed.hasib/uiework/final_uie/work/teacher_outputs/A_lite_clean/SUIM__f_r_1369_.png
/home/shahid-ahamed.hasib/Data/Data/SUIM/train_val/images/f_r_1371_.jpg,/home/shahid-ahamed.hasib/uiework/final_uie/work/teacher_outputs/A_lite_clean/SUIM__f_r_1371_.png
/home/shahid-ahamed.hasib/Data/Data/SUIM/train_val/images/f_r_1372_.jpg,/home/shahid-ahamed.hasib/uiework/final_uie/work/teacher_outputs/A_lite_clean/SUIM__f_r_1372_.png
/home/shahid-ahamed.hasib/Data/Data/SUIM/train_val/images/f_r_1373_.jpg,/home/shahid-ahamed.hasib/uiework/final_uie/work/teacher_outputs/A_lite_clean/SUIM__f_r_1373_.png
/home/shahid-ahamed.hasib/Data/Data/SUIM/train_val/images/f_r_1374_.jpg,/home/shahid-ahamed.hasib/uiework/final_uie/work/teacher_outputs/A_lite_clean/SUIM__f_r_1374_.png
/home/shahid-ahamed.hasib/Data/Data/SUIM/train_val/images/f_r_1375_.jpg,/home/shahid-ahamed.hasib/uiework/final_uie/work/teacher_outputs/A_lite_clean/SUIM__f_r_1375_.png
/home/shahid-ahamed.hasib/Data/Data/SUIM/train_val/images/f_r_1376_.jpg,/home/shahid-ahamed.hasib/uiework/final_uie/work/teacher_outputs/A_lite_clean/SUIM__f_r_1376_.png
/home/shahid-ahamed.hasib/Data/Data/SUIM/train_val/images/f_r_1381_.jpg,/home/shahid-ahamed.hasib/uiework/final_uie/work/teacher_outputs/A_lite_clean/SUIM__f_r_1381_.png
/home/shahid-ahamed.hasib/Data/Data/SUIM/train_val/images/f_r_1382_.jpg,/home/shahid-ahamed.hasib/uiework/final_uie/work/teacher_outputs/A_lite_clean/SUIM__f_r_1382_.png
/home/shahid-ahamed.hasib/Data/Data/SUIM/train_val/images/f_r_1383_.jpg,/home/shahid-ahamed.hasib/uiework/final_uie/work/teacher_outputs/A_lite_clean/SUIM__f_r_1383_.png
/home/shahid-ahamed.hasib/Data/Data/SUIM/train_val/images/f_r_1385_.jpg,/home/shahid-ahamed.hasib/uiework/final_uie/work/teacher_outputs/A_lite_clean/SUIM__f_r_1385_.png
/home/shahid-ahamed.hasib/Data/Data/SUIM/train_val/images/f_r_1386_.jpg,/home/shahid-ahamed.hasib/uiework/final_uie/work/teacher_outputs/A_lite_clean/SUIM__f_r_1386_.png
/home/shahid-ahamed.hasib/Data/Data/SUIM/train_val/images/f_r_1387_.jpg,/home/shahid-ahamed.hasib/uiework/final_uie/work/teacher_outputs/A_lite_clean/SUIM__f_r_1387_.png
/home/shahid-ahamed.hasib/Data/Data/SUIM/train_val/images/f_r_1389_.jpg,/home/shahid-ahamed.hasib/uiework/final_uie/work/teacher_outputs/A_lite_clean/SUIM__f_r_1389_.png
/home/shahid-ahamed.hasib/Data/Data/SUIM/train_val/images/f_r_1392_.jpg,/home/shahid-ahamed.hasib/uiework/final_uie/work/teacher_outputs/A_lite_clean/SUIM__f_r_1392_.png
/home/shahid-ahamed.hasib/Data/Data/SUIM/train_val/images/f_r_1394_.jpg,/home/shahid-ahamed.hasib/uiework/final_uie/work/teacher_outputs/A_lite_clean/SUIM__f_r_1394_.png
/home/shahid-ahamed.hasib/Data/Data/SUIM/train_val/images/f_r_1401_.jpg,/home/shahid-ahamed.hasib/uiework/final_uie/work/teacher_outputs/A_lite_clean/SUIM__f_r_1401_.png
/home/shahid-ahamed.hasib/Data/Data/SUIM/train_val/images/f_r_1409_.jpg,/home/shahid-ahamed.hasib/uiework/final_uie/work/teacher_outputs/A_lite_clean/SUIM__f_r_1409_.png
/home/shahid-ahamed.hasib/Data/Data/SUIM/train_val/images/f_r_1417_.jpg,/home/shahid-ahamed.hasib/uiework/final_uie/work/teacher_outputs/A_lite_clean/SUIM__f_r_1417_.png
/home/shahid-ahamed.hasib/Data/Data/SUIM/train_val/images/f_r_1418_.jpg,/home/shahid-ahamed.hasib/uiework/final_uie/work/teacher_outputs/A_lite_clean/SUIM__f_r_1418_.png
/home/shahid-ahamed.hasib/Data/Data/SUIM/train_val/images/f_r_1420_.jpg,/home/shahid-ahamed.hasib/uiework/final_uie/work/teacher_outputs/A_lite_clean/SUIM__f_r_1420_.png
/home/shahid-ahamed.hasib/Data/Data/SUIM/train_val/images/f_r_1421_.jpg,/home/shahid-ahamed.hasib/uiework/final_uie/work/teacher_outputs/A_lite_clean/SUIM__f_r_1421_.png
/home/shahid-ahamed.hasib/Data/Data/SUIM/train_val/images/f_r_1424_.jpg,/home/shahid-ahamed.hasib/uiework/final_uie/work/teacher_outputs/A_lite_clean/SUIM__f_r_1424_.png
/home/shahid-ahamed.hasib/Data/Data/SUIM/train_val/images/f_r_1425_.jpg,/home/shahid-ahamed.hasib/uiework/final_uie/work/teacher_outputs/A_lite_clean/SUIM__f_r_1425_.png
/home/shahid-ahamed.hasib/Data/Data/SUIM/train_val/images/f_r_1430_.jpg,/home/shahid-ahamed.hasib/uiework/final_uie/work/teacher_outputs/A_lite_clean/SUIM__f_r_1430_.png
/home/shahid-ahamed.hasib/Data/Data/SUIM/train_val/images/f_r_1433_.jpg,/home/shahid-ahamed.hasib/uiework/final_uie/work/teacher_outputs/A_lite_clean/SUIM__f_r_1433_.png
/home/shahid-ahamed.hasib/Data/Data/SUIM/train_val/images/f_r_1434_.jpg,/home/shahid-ahamed.hasib/uiework/final_uie/work/teacher_outputs/A_lite_clean/SUIM__f_r_1434_.png
/home/shahid-ahamed.hasib/Data/Data/SUIM/train_val/images/f_r_1437_.jpg,/home/shahid-ahamed.hasib/uiework/final_uie/work/teacher_outputs/A_lite_clean/SUIM__f_r_1437_.png
/home/shahid-ahamed.hasib/Data/Data/SUIM/train_val/images/f_r_1438_.jpg,/home/shahid-ahamed.hasib/uiework/final_uie/work/teacher_outputs/A_lite_clean/SUIM__f_r_1438_.png
/home/shahid-ahamed.hasib/Data/Data/SUIM/train_val/images/f_r_1439_.jpg,/home/shahid-ahamed.hasib/uiework/final_uie/work/teacher_outputs/A_lite_clean/SUIM__f_r_1439_.png
/home/shahid-ahamed.hasib/Data/Data/SUIM/train_val/images/f_r_1441_.jpg,/home/shahid-ahamed.hasib/uiework/final_uie/work/teacher_outputs/A_lite_clean/SUIM__f_r_1441_.png
/home/shahid-ahamed.hasib/Data/Data/SUIM/train_val/images/f_r_1443_.jpg,/home/shahid-ahamed.hasib/uiework/final_uie/work/teacher_outputs/A_lite_clean/SUIM__f_r_1443_.png
/home/shahid-ahamed.hasib/Data/Data/SUIM/train_val/images/f_r_1444_.jpg,/home/shahid-ahamed.hasib/uiework/final_uie/work/teacher_outputs/A_lite_clean/SUIM__f_r_1444_.png
/home/shahid-ahamed.hasib/Data/Data/SUIM/train_val/images/f_r_1446_.jpg,/home/shahid-ahamed.hasib/uiework/final_uie/work/teacher_outputs/A_lite_clean/SUIM__f_r_1446_.png
/home/shahid-ahamed.hasib/Data/Data/SUIM/train_val/images/f_r_1447_.jpg,/home/shahid-ahamed.hasib/uiework/final_uie/work/teacher_outputs/A_lite_clean/SUIM__f_r_1447_.png
/home/shahid-ahamed.hasib/Data/Data/SUIM/train_val/images/f_r_1451_.jpg,/home/shahid-ahamed.hasib/uiework/final_uie/work/teacher_outputs/A_lite_clean/SUIM__f_r_1451_.png
/home/shahid-ahamed.hasib/Data/Data/SUIM/train_val/images/f_r_1454_.jpg,/home/shahid-ahamed.hasib/uiework/final_uie/work/teacher_outputs/A_lite_clean/SUIM__f_r_1454_.png
/home/shahid-ahamed.hasib/Data/Data/SUIM/train_val/images/f_r_1459_.jpg,/home/shahid-ahamed.hasib/uiework/final_uie/work/teacher_outputs/A_lite_clean/SUIM__f_r_1459_.png
/home/shahid-ahamed.hasib/Data/Data/SUIM/train_val/images/f_r_1464_.jpg,/home/shahid-ahamed.hasib/uiework/final_uie/work/teacher_outputs/A_lite_clean/SUIM__f_r_1464_.png
/home/shahid-ahamed.hasib/Data/Data/SUIM/train_val/images/f_r_1469_.jpg,/home/shahid-ahamed.hasib/uiework/final_uie/work/teacher_outputs/A_lite_clean/SUIM__f_r_1469_.png
/home/shahid-ahamed.hasib/Data/Data/SUIM/train_val/images/f_r_147_.jpg,/home/shahid-ahamed.hasib/uiework/final_uie/work/teacher_outputs/A_lite_clean/SUIM__f_r_147_.png
/home/shahid-ahamed.hasib/Data/Data/SUIM/train_val/images/f_r_1481_.jpg,/home/shahid-ahamed.hasib/uiework/final_uie/work/teacher_outputs/A_lite_clean/SUIM__f_r_1481_.png
/home/shahid-ahamed.hasib/Data/Data/SUIM/train_val/images/f_r_1482_.jpg,/home/shahid-ahamed.hasib/uiework/final_uie/work/teacher_outputs/A_lite_clean/SUIM__f_r_1482_.png
/home/shahid-ahamed.hasib/Data/Data/SUIM/train_val/images/f_r_1483_.jpg,/home/shahid-ahamed.hasib/uiework/final_uie/work/teacher_outputs/A_lite_clean/SUIM__f_r_1483_.png
/home/shahid-ahamed.hasib/Data/Data/SUIM/train_val/images/f_r_1485_.jpg,/home/shahid-ahamed.hasib/uiework/final_uie/work/teacher_outputs/A_lite_clean/SUIM__f_r_1485_.png
/home/shahid-ahamed.hasib/Data/Data/SUIM/train_val/images/f_r_1486_.jpg,/home/shahid-ahamed.hasib/uiework/final_uie/work/teacher_outputs/A_lite_clean/SUIM__f_r_1486_.png
/home/shahid-ahamed.hasib/Data/Data/SUIM/train_val/images/f_r_1487_.jpg,/home/shahid-ahamed.hasib/uiework/final_uie/work/teacher_outputs/A_lite_clean/SUIM__f_r_1487_.png
/home/shahid-ahamed.hasib/Data/Data/SUIM/train_val/images/f_r_1488_.jpg,/home/shahid-ahamed.hasib/uiework/final_uie/work/teacher_outputs/A_lite_clean/SUIM__f_r_1488_.png
/home/shahid-ahamed.hasib/Data/Data/SUIM/train_val/images/f_r_1492_.jpg,/home/shahid-ahamed.hasib/uiework/final_uie/work/teacher_outputs/A_lite_clean/SUIM__f_r_1492_.png
/home/shahid-ahamed.hasib/Data/Data/SUIM/train_val/images/f_r_1493_.jpg,/home/shahid-ahamed.hasib/uiework/final_uie/work/teacher_outputs/A_lite_clean/SUIM__f_r_1493_.png
/home/shahid-ahamed.hasib/Data/Data/SUIM/train_val/images/f_r_1494_.jpg,/home/shahid-ahamed.hasib/uiework/final_uie/work/teacher_outputs/A_lite_clean/SUIM__f_r_1494_.png
/home/shahid-ahamed.hasib/Data/Data/SUIM/train_val/images/f_r_1495_.jpg,/home/shahid-ahamed.hasib/uiework/final_uie/work/teacher_outputs/A_lite_clean/SUIM__f_r_1495_.png
/home/shahid-ahamed.hasib/Data/Data/SUIM/train_val/images/f_r_1496_.jpg,/home/shahid-ahamed.hasib/uiework/final_uie/work/teacher_outputs/A_lite_clean/SUIM__f_r_1496_.png
/home/shahid-ahamed.hasib/Data/Data/SUIM/train_val/images/f_r_1497_.jpg,/home/shahid-ahamed.hasib/uiework/final_uie/work/teacher_outputs/A_lite_clean/SUIM__f_r_1497_.png
/home/shahid-ahamed.hasib/Data/Data/SUIM/train_val/images/f_r_1499_.jpg,/home/shahid-ahamed.hasib/uiework/final_uie/work/teacher_outputs/A_lite_clean/SUIM__f_r_1499_.png
/home/shahid-ahamed.hasib/Data/Data/SUIM/train_val/images/f_r_1500_.jpg,/home/shahid-ahamed.hasib/uiework/final_uie/work/teacher_outputs/A_lite_clean/SUIM__f_r_1500_.png
/home/shahid-ahamed.hasib/Data/Data/SUIM/train_val/images/f_r_1501_.jpg,/home/shahid-ahamed.hasib/uiework/final_uie/work/teacher_outputs/A_lite_clean/SUIM__f_r_1501_.png
/home/shahid-ahamed.hasib/Data/Data/SUIM/train_val/images/f_r_1502_.jpg,/home/shahid-ahamed.hasib/uiework/final_uie/work/teacher_outputs/A_lite_clean/SUIM__f_r_1502_.png
/home/shahid-ahamed.hasib/Data/Data/SUIM/train_val/images/f_r_1506_.jpg,/home/shahid-ahamed.hasib/uiework/final_uie/work/teacher_outputs/A_lite_clean/SUIM__f_r_1506_.png
/home/shahid-ahamed.hasib/Data/Data/SUIM/train_val/images/f_r_1507_.jpg,/home/shahid-ahamed.hasib/uiework/final_uie/work/teacher_outputs/A_lite_clean/SUIM__f_r_1507_.png
/home/shahid-ahamed.hasib/Data/Data/SUIM/train_val/images/f_r_1511_.jpg,/home/shahid-ahamed.hasib/uiework/final_uie/work/teacher_outputs/A_lite_clean/SUIM__f_r_1511_.png
/home/shahid-ahamed.hasib/Data/Data/SUIM/train_val/images/f_r_1512_.jpg,/home/shahid-ahamed.hasib/uiework/final_uie/work/teacher_outputs/A_lite_clean/SUIM__f_r_1512_.png
/home/shahid-ahamed.hasib/Data/Data/SUIM/train_val/images/f_r_1513_.jpg,/home/shahid-ahamed.hasib/uiework/final_uie/work/teacher_outputs/A_lite_clean/SUIM__f_r_1513_.png
/home/shahid-ahamed.hasib/Data/Data/SUIM/train_val/images/f_r_1514_.jpg,/home/shahid-ahamed.hasib/uiework/final_uie/work/teacher_outputs/A_lite_clean/SUIM__f_r_1514_.png
/home/shahid-ahamed.hasib/Data/Data/SUIM/train_val/images/f_r_1515_.jpg,/home/shahid-ahamed.hasib/uiework/final_uie/work/teacher_outputs/A_lite_clean/SUIM__f_r_1515_.png
/home/shahid-ahamed.hasib/Data/Data/SUIM/train_val/images/f_r_1516_.jpg,/home/shahid-ahamed.hasib/uiework/final_uie/work/teacher_outputs/A_lite_clean/SUIM__f_r_1516_.png
/home/shahid-ahamed.hasib/Data/Data/SUIM/train_val/images/f_r_1517_.jpg,/home/shahid-ahamed.hasib/uiework/final_uie/work/teacher_outputs/A_lite_clean/SUIM__f_r_1517_.png
/home/shahid-ahamed.hasib/Data/Data/SUIM/train_val/images/f_r_1518_.jpg,/home/shahid-ahamed.hasib/uiework/final_uie/work/teacher_outputs/A_lite_clean/SUIM__f_r_1518_.png
/home/shahid-ahamed.hasib/Data/Data/SUIM/train_val/images/f_r_1525_.jpg,/home/shahid-ahamed.hasib/uiework/final_uie/work/teacher_outputs/A_lite_clean/SUIM__f_r_1525_.png
/home/shahid-ahamed.hasib/Data/Data/SUIM/train_val/images/f_r_1526_.jpg,/home/shahid-ahamed.hasib/uiework/final_uie/work/teacher_outputs/A_lite_clean/SUIM__f_r_1526_.png
/home/shahid-ahamed.hasib/Data/Data/SUIM/train_val/images/f_r_1527_.jpg,/home/shahid-ahamed.hasib/uiework/final_uie/work/teacher_outputs/A_lite_clean/SUIM__f_r_1527_.png
/home/shahid-ahamed.hasib/Data/Data/SUIM/train_val/images/f_r_1528_.jpg,/home/shahid-ahamed.hasib/uiework/final_uie/work/teacher_outputs/A_lite_clean/SUIM__f_r_1528_.png
/home/shahid-ahamed.hasib/Data/Data/SUIM/train_val/images/f_r_1529_.jpg,/home/shahid-ahamed.hasib/uiework/final_uie/work/teacher_outputs/A_lite_clean/SUIM__f_r_1529_.png
/home/shahid-ahamed.hasib/Data/Data/SUIM/train_val/images/f_r_1530_.jpg,/home/shahid-ahamed.hasib/uiework/final_uie/work/teacher_outputs/A_lite_clean/SUIM__f_r_1530_.png
/home/shahid-ahamed.hasib/Data/Data/SUIM/train_val/images/f_r_1531_.jpg,/home/shahid-ahamed.hasib/uiework/final_uie/work/teacher_outputs/A_lite_clean/SUIM__f_r_1531_.png
/home/shahid-ahamed.hasib/Data/Data/SUIM/train_val/images/f_r_1533_.jpg,/home/shahid-ahamed.hasib/uiework/final_uie/work/teacher_outputs/A_lite_clean/SUIM__f_r_1533_.png
/home/shahid-ahamed.hasib/Data/Data/SUIM/train_val/images/f_r_1534_.jpg,/home/shahid-ahamed.hasib/uiework/final_uie/work/teacher_outputs/A_lite_clean/SUIM__f_r_1534_.png
/home/shahid-ahamed.hasib/Data/Data/SUIM/train_val/images/f_r_1535_.jpg,/home/shahid-ahamed.hasib/uiework/final_uie/work/teacher_outputs/A_lite_clean/SUIM__f_r_1535_.png
/home/shahid-ahamed.hasib/Data/Data/SUIM/train_val/images/f_r_1536_.jpg,/home/shahid-ahamed.hasib/uiework/final_uie/work/teacher_outputs/A_lite_clean/SUIM__f_r_1536_.png
/home/shahid-ahamed.hasib/Data/Data/SUIM/train_val/images/f_r_1537_.jpg,/home/shahid-ahamed.hasib/uiework/final_uie/work/teacher_outputs/A_lite_clean/SUIM__f_r_1537_.png
/home/shahid-ahamed.hasib/Data/Data/SUIM/train_val/images/f_r_1538_.jpg,/home/shahid-ahamed.hasib/uiework/final_uie/work/teacher_outputs/A_lite_clean/SUIM__f_r_1538_.png
/home/shahid-ahamed.hasib/Data/Data/SUIM/train_val/images/f_r_1542_.jpg,/home/shahid-ahamed.hasib/uiework/final_uie/work/teacher_outputs/A_lite_clean/SUIM__f_r_1542_.png
/home/shahid-ahamed.hasib/Data/Data/SUIM/train_val/images/f_r_1543_.jpg,/home/shahid-ahamed.hasib/uiework/final_uie/work/teacher_outputs/A_lite_clean/SUIM__f_r_1543_.png
/home/shahid-ahamed.hasib/Data/Data/SUIM/train_val/images/f_r_1545_.jpg,/home/shahid-ahamed.hasib/uiework/final_uie/work/teacher_outputs/A_lite_clean/SUIM__f_r_1545_.png
/home/shahid-ahamed.hasib/Data/Data/SUIM/train_val/images/f_r_1546_.jpg,/home/shahid-ahamed.hasib/uiework/final_uie/work/teacher_outputs/A_lite_clean/SUIM__f_r_1546_.png
/home/shahid-ahamed.hasib/Data/Data/SUIM/train_val/images/f_r_1547_.jpg,/home/shahid-ahamed.hasib/uiework/final_uie/work/teacher_outputs/A_lite_clean/SUIM__f_r_1547_.png
/home/shahid-ahamed.hasib/Data/Data/SUIM/train_val/images/f_r_1549_.jpg,/home/shahid-ahamed.hasib/uiework/final_uie/work/teacher_outputs/A_lite_clean/SUIM__f_r_1549_.png
/home/shahid-ahamed.hasib/Data/Data/SUIM/train_val/images/f_r_1550_.jpg,/home/shahid-ahamed.hasib/uiework/final_uie/work/teacher_outputs/A_lite_clean/SUIM__f_r_1550_.png
/home/shahid-ahamed.hasib/Data/Data/SUIM/train_val/images/f_r_1551_.jpg,/home/shahid-ahamed.hasib/uiework/final_uie/work/teacher_outputs/A_lite_clean/SUIM__f_r_1551_.png
/home/shahid-ahamed.hasib/Data/Data/SUIM/train_val/images/f_r_1552_.jpg,/home/shahid-ahamed.hasib/uiework/final_uie/work/teacher_outputs/A_lite_clean/SUIM__f_r_1552_.png
/home/shahid-ahamed.hasib/Data/Data/SUIM/train_val/images/f_r_1553_.jpg,/home/shahid-ahamed.hasib/uiework/final_uie/work/teacher_outputs/A_lite_clean/SUIM__f_r_1553_.png
/home/shahid-ahamed.hasib/Data/Data/SUIM/train_val/images/f_r_1554_.jpg,/home/shahid-ahamed.hasib/uiework/final_uie/work/teacher_outputs/A_lite_clean/SUIM__f_r_1554_.png
/home/shahid-ahamed.hasib/Data/Data/SUIM/train_val/images/f_r_1556_.jpg,/home/shahid-ahamed.hasib/uiework/final_uie/work/teacher_outputs/A_lite_clean/SUIM__f_r_1556_.png
/home/shahid-ahamed.hasib/Data/Data/SUIM/train_val/images/f_r_1559_.jpg,/home/shahid-ahamed.hasib/uiework/final_uie/work/teacher_outputs/A_lite_clean/SUIM__f_r_1559_.png
/home/shahid-ahamed.hasib/Data/Data/SUIM/train_val/images/f_r_1561_.jpg,/home/shahid-ahamed.hasib/uiework/final_uie/work/teacher_outputs/A_lite_clean/SUIM__f_r_1561_.png
/home/shahid-ahamed.hasib/Data/Data/SUIM/train_val/images/f_r_1564_.jpg,/home/shahid-ahamed.hasib/uiework/final_uie/work/teacher_outputs/A_lite_clean/SUIM__f_r_1564_.png
/home/shahid-ahamed.hasib/Data/Data/SUIM/train_val/images/f_r_1565_.jpg,/home/shahid-ahamed.hasib/uiework/final_uie/work/teacher_outputs/A_lite_clean/SUIM__f_r_1565_.png
/home/shahid-ahamed.hasib/Data/Data/SUIM/train_val/images/f_r_1569_.jpg,/home/shahid-ahamed.hasib/uiework/final_uie/work/teacher_outputs/A_lite_clean/SUIM__f_r_1569_.png
/home/shahid-ahamed.hasib/Data/Data/SUIM/train_val/images/f_r_1570_.jpg,/home/shahid-ahamed.hasib/uiework/final_uie/work/teacher_outputs/A_lite_clean/SUIM__f_r_1570_.png
/home/shahid-ahamed.hasib/Data/Data/SUIM/train_val/images/f_r_1571_.jpg,/home/shahid-ahamed.hasib/uiework/final_uie/work/teacher_outputs/A_lite_clean/SUIM__f_r_1571_.png
/home/shahid-ahamed.hasib/Data/Data/SUIM/train_val/images/f_r_1572_.jpg,/home/shahid-ahamed.hasib/uiework/final_uie/work/teacher_outputs/A_lite_clean/SUIM__f_r_1572_.png
/home/shahid-ahamed.hasib/Data/Data/SUIM/train_val/images/f_r_1577_.jpg,/home/shahid-ahamed.hasib/uiework/final_uie/work/teacher_outputs/A_lite_clean/SUIM__f_r_1577_.png
/home/shahid-ahamed.hasib/Data/Data/SUIM/train_val/images/f_r_1579_.jpg,/home/shahid-ahamed.hasib/uiework/final_uie/work/teacher_outputs/A_lite_clean/SUIM__f_r_1579_.png
/home/shahid-ahamed.hasib/Data/Data/SUIM/train_val/images/f_r_1582_.jpg,/home/shahid-ahamed.hasib/uiework/final_uie/work/teacher_outputs/A_lite_clean/SUIM__f_r_1582_.png
/home/shahid-ahamed.hasib/Data/Data/SUIM/train_val/images/f_r_1583_.jpg,/home/shahid-ahamed.hasib/uiework/final_uie/work/teacher_outputs/A_lite_clean/SUIM__f_r_1583_.png
/home/shahid-ahamed.hasib/Data/Data/SUIM/train_val/images/f_r_1584_.jpg,/home/shahid-ahamed.hasib/uiework/final_uie/work/teacher_outputs/A_lite_clean/SUIM__f_r_1584_.png
/home/shahid-ahamed.hasib/Data/Data/SUIM/train_val/images/f_r_1585_.jpg,/home/shahid-ahamed.hasib/uiework/final_uie/work/teacher_outputs/A_lite_clean/SUIM__f_r_1585_.png
/home/shahid-ahamed.hasib/Data/Data/SUIM/train_val/images/f_r_1586_.jpg,/home/shahid-ahamed.hasib/uiework/final_uie/work/teacher_outputs/A_lite_clean/SUIM__f_r_1586_.png
/home/shahid-ahamed.hasib/Data/Data/SUIM/train_val/images/f_r_1587_.jpg,/home/shahid-ahamed.hasib/uiework/final_uie/work/teacher_outputs/A_lite_clean/SUIM__f_r_1587_.png
/home/shahid-ahamed.hasib/Data/Data/SUIM/train_val/images/f_r_1589_.jpg,/home/shahid-ahamed.hasib/uiework/final_uie/work/teacher_outputs/A_lite_clean/SUIM__f_r_1589_.png
/home/shahid-ahamed.hasib/Data/Data/SUIM/train_val/images/f_r_1590_.jpg,/home/shahid-ahamed.hasib/uiework/final_uie/work/teacher_outputs/A_lite_clean/SUIM__f_r_1590_.png
/home/shahid-ahamed.hasib/Data/Data/SUIM/train_val/images/f_r_1594_.jpg,/home/shahid-ahamed.hasib/uiework/final_uie/work/teacher_outputs/A_lite_clean/SUIM__f_r_1594_.png
/home/shahid-ahamed.hasib/Data/Data/SUIM/train_val/images/f_r_1595_.jpg,/home/shahid-ahamed.hasib/uiework/final_uie/work/teacher_outputs/A_lite_clean/SUIM__f_r_1595_.png
/home/shahid-ahamed.hasib/Data/Data/SUIM/train_val/images/f_r_1599_.jpg,/home/shahid-ahamed.hasib/uiework/final_uie/work/teacher_outputs/A_lite_clean/SUIM__f_r_1599_.png
/home/shahid-ahamed.hasib/Data/Data/SUIM/train_val/images/f_r_1604_.jpg,/home/shahid-ahamed.hasib/uiework/final_uie/work/teacher_outputs/A_lite_clean/SUIM__f_r_1604_.png
/home/shahid-ahamed.hasib/Data/Data/SUIM/train_val/images/f_r_1606_.jpg,/home/shahid-ahamed.hasib/uiework/final_uie/work/teacher_outputs/A_lite_clean/SUIM__f_r_1606_.png
/home/shahid-ahamed.hasib/Data/Data/SUIM/train_val/images/f_r_1607_.jpg,/home/shahid-ahamed.hasib/uiework/final_uie/work/teacher_outputs/A_lite_clean/SUIM__f_r_1607_.png
/home/shahid-ahamed.hasib/Data/Data/SUIM/train_val/images/f_r_1609_.jpg,/home/shahid-ahamed.hasib/uiework/final_uie/work/teacher_outputs/A_lite_clean/SUIM__f_r_1609_.png
/home/shahid-ahamed.hasib/Data/Data/SUIM/train_val/images/f_r_1615_.jpg,/home/shahid-ahamed.hasib/uiework/final_uie/work/teacher_outputs/A_lite_clean/SUIM__f_r_1615_.png
/home/shahid-ahamed.hasib/Data/Data/SUIM/train_val/images/f_r_1616_.jpg,/home/shahid-ahamed.hasib/uiework/final_uie/work/teacher_outputs/A_lite_clean/SUIM__f_r_1616_.png
/home/shahid-ahamed.hasib/Data/Data/SUIM/train_val/images/f_r_1617_.jpg,/home/shahid-ahamed.hasib/uiework/final_uie/work/teacher_outputs/A_lite_clean/SUIM__f_r_1617_.png
/home/shahid-ahamed.hasib/Data/Data/SUIM/train_val/images/f_r_1618_.jpg,/home/shahid-ahamed.hasib/uiework/final_uie/work/teacher_outputs/A_lite_clean/SUIM__f_r_1618_.png
/home/shahid-ahamed.hasib/Data/Data/SUIM/train_val/images/f_r_1621_.jpg,/home/shahid-ahamed.hasib/uiework/final_uie/work/teacher_outputs/A_lite_clean/SUIM__f_r_1621_.png
/home/shahid-ahamed.hasib/Data/Data/SUIM/train_val/images/f_r_1622_.jpg,/home/shahid-ahamed.hasib/uiework/final_uie/work/teacher_outputs/A_lite_clean/SUIM__f_r_1622_.png
/home/shahid-ahamed.hasib/Data/Data/SUIM/train_val/images/f_r_1623_.jpg,/home/shahid-ahamed.hasib/uiework/final_uie/work/teacher_outputs/A_lite_clean/SUIM__f_r_1623_.png
/home/shahid-ahamed.hasib/Data/Data/SUIM/train_val/images/f_r_1626_.jpg,/home/shahid-ahamed.hasib/uiework/final_uie/work/teacher_outputs/A_lite_clean/SUIM__f_r_1626_.png
/home/shahid-ahamed.hasib/Data/Data/SUIM/train_val/images/f_r_1630_.jpg,/home/shahid-ahamed.hasib/uiework/final_uie/work/teacher_outputs/A_lite_clean/SUIM__f_r_1630_.png
/home/shahid-ahamed.hasib/Data/Data/SUIM/train_val/images/f_r_1631_.jpg,/home/shahid-ahamed.hasib/uiework/final_uie/work/teacher_outputs/A_lite_clean/SUIM__f_r_1631_.png
/home/shahid-ahamed.hasib/Data/Data/SUIM/train_val/images/f_r_1632_.jpg,/home/shahid-ahamed.hasib/uiework/final_uie/work/teacher_outputs/A_lite_clean/SUIM__f_r_1632_.png
/home/shahid-ahamed.hasib/Data/Data/SUIM/train_val/images/f_r_1635_.jpg,/home/shahid-ahamed.hasib/uiework/final_uie/work/teacher_outputs/A_lite_clean/SUIM__f_r_1635_.png
/home/shahid-ahamed.hasib/Data/Data/SUIM/train_val/images/f_r_1636_.jpg,/home/shahid-ahamed.hasib/uiework/final_uie/work/teacher_outputs/A_lite_clean/SUIM__f_r_1636_.png
/home/shahid-ahamed.hasib/Data/Data/SUIM/train_val/images/f_r_1639_.jpg,/home/shahid-ahamed.hasib/uiework/final_uie/work/teacher_outputs/A_lite_clean/SUIM__f_r_1639_.png
/home/shahid-ahamed.hasib/Data/Data/SUIM/train_val/images/f_r_1643_.jpg,/home/shahid-ahamed.hasib/uiework/final_uie/work/teacher_outputs/A_lite_clean/SUIM__f_r_1643_.png
/home/shahid-ahamed.hasib/Data/Data/SUIM/train_val/images/f_r_1645_.jpg,/home/shahid-ahamed.hasib/uiework/final_uie/work/teacher_outputs/A_lite_clean/SUIM__f_r_1645_.png
/home/shahid-ahamed.hasib/Data/Data/SUIM/train_val/images/f_r_1646_.jpg,/home/shahid-ahamed.hasib/uiework/final_uie/work/teacher_outputs/A_lite_clean/SUIM__f_r_1646_.png
/home/shahid-ahamed.hasib/Data/Data/SUIM/train_val/images/f_r_1647_.jpg,/home/shahid-ahamed.hasib/uiework/final_uie/work/teacher_outputs/A_lite_clean/SUIM__f_r_1647_.png
/home/shahid-ahamed.hasib/Data/Data/SUIM/train_val/images/f_r_1649_.jpg,/home/shahid-ahamed.hasib/uiework/final_uie/work/teacher_outputs/A_lite_clean/SUIM__f_r_1649_.png
/home/shahid-ahamed.hasib/Data/Data/SUIM/train_val/images/f_r_1650_.jpg,/home/shahid-ahamed.hasib/uiework/final_uie/work/teacher_outputs/A_lite_clean/SUIM__f_r_1650_.png
/home/shahid-ahamed.hasib/Data/Data/SUIM/train_val/images/f_r_1651_.jpg,/home/shahid-ahamed.hasib/uiework/final_uie/work/teacher_outputs/A_lite_clean/SUIM__f_r_1651_.png
/home/shahid-ahamed.hasib/Data/Data/SUIM/train_val/images/f_r_1653_.jpg,/home/shahid-ahamed.hasib/uiework/final_uie/work/teacher_outputs/A_lite_clean/SUIM__f_r_1653_.png
/home/shahid-ahamed.hasib/Data/Data/SUIM/train_val/images/f_r_1656_.jpg,/home/shahid-ahamed.hasib/uiework/final_uie/work/teacher_outputs/A_lite_clean/SUIM__f_r_1656_.png
/home/shahid-ahamed.hasib/Data/Data/SUIM/train_val/images/f_r_1661_.jpg,/home/shahid-ahamed.hasib/uiework/final_uie/work/teacher_outputs/A_lite_clean/SUIM__f_r_1661_.png
/home/shahid-ahamed.hasib/Data/Data/SUIM/train_val/images/f_r_1663_.jpg,/home/shahid-ahamed.hasib/uiework/final_uie/work/teacher_outputs/A_lite_clean/SUIM__f_r_1663_.png
/home/shahid-ahamed.hasib/Data/Data/SUIM/train_val/images/f_r_1664_.jpg,/home/shahid-ahamed.hasib/uiework/final_uie/work/teacher_outputs/A_lite_clean/SUIM__f_r_1664_.png
/home/shahid-ahamed.hasib/Data/Data/SUIM/train_val/images/f_r_1665_.jpg,/home/shahid-ahamed.hasib/uiework/final_uie/work/teacher_outputs/A_lite_clean/SUIM__f_r_1665_.png
/home/shahid-ahamed.hasib/Data/Data/SUIM/train_val/images/f_r_1666_.jpg,/home/shahid-ahamed.hasib/uiework/final_uie/work/teacher_outputs/A_lite_clean/SUIM__f_r_1666_.png
/home/shahid-ahamed.hasib/Data/Data/SUIM/train_val/images/f_r_1667_.jpg,/home/shahid-ahamed.hasib/uiework/final_uie/work/teacher_outputs/A_lite_clean/SUIM__f_r_1667_.png
/home/shahid-ahamed.hasib/Data/Data/SUIM/train_val/images/f_r_1672_.jpg,/home/shahid-ahamed.hasib/uiework/final_uie/work/teacher_outputs/A_lite_clean/SUIM__f_r_1672_.png
/home/shahid-ahamed.hasib/Data/Data/SUIM/train_val/images/f_r_1673_.jpg,/home/shahid-ahamed.hasib/uiework/final_uie/work/teacher_outputs/A_lite_clean/SUIM__f_r_1673_.png
/home/shahid-ahamed.hasib/Data/Data/SUIM/train_val/images/f_r_1674_.jpg,/home/shahid-ahamed.hasib/uiework/final_uie/work/teacher_outputs/A_lite_clean/SUIM__f_r_1674_.png
/home/shahid-ahamed.hasib/Data/Data/SUIM/train_val/images/f_r_1678_.jpg,/home/shahid-ahamed.hasib/uiework/final_uie/work/teacher_outputs/A_lite_clean/SUIM__f_r_1678_.png
/home/shahid-ahamed.hasib/Data/Data/SUIM/train_val/images/f_r_1679_.jpg,/home/shahid-ahamed.hasib/uiework/final_uie/work/teacher_outputs/A_lite_clean/SUIM__f_r_1679_.png
/home/shahid-ahamed.hasib/Data/Data/SUIM/train_val/images/f_r_1682_.jpg,/home/shahid-ahamed.hasib/uiework/final_uie/work/teacher_outputs/A_lite_clean/SUIM__f_r_1682_.png
/home/shahid-ahamed.hasib/Data/Data/SUIM/train_val/images/f_r_1683_.jpg,/home/shahid-ahamed.hasib/uiework/final_uie/work/teacher_outputs/A_lite_clean/SUIM__f_r_1683_.png
/home/shahid-ahamed.hasib/Data/Data/SUIM/train_val/images/f_r_1684_.jpg,/home/shahid-ahamed.hasib/uiework/final_uie/work/teacher_outputs/A_lite_clean/SUIM__f_r_1684_.png
/home/shahid-ahamed.hasib/Data/Data/SUIM/train_val/images/f_r_1685_.jpg,/home/shahid-ahamed.hasib/uiework/final_uie/work/teacher_outputs/A_lite_clean/SUIM__f_r_1685_.png
/home/shahid-ahamed.hasib/Data/Data/SUIM/train_val/images/f_r_1686_.jpg,/home/shahid-ahamed.hasib/uiework/final_uie/work/teacher_outputs/A_lite_clean/SUIM__f_r_1686_.png
/home/shahid-ahamed.hasib/Data/Data/SUIM/train_val/images/f_r_1687_.jpg,/home/shahid-ahamed.hasib/uiework/final_uie/work/teacher_outputs/A_lite_clean/SUIM__f_r_1687_.png
/home/shahid-ahamed.hasib/Data/Data/SUIM/train_val/images/f_r_1690_.jpg,/home/shahid-ahamed.hasib/uiework/final_uie/work/teacher_outputs/A_lite_clean/SUIM__f_r_1690_.png
/home/shahid-ahamed.hasib/Data/Data/SUIM/train_val/images/f_r_1691_.jpg,/home/shahid-ahamed.hasib/uiework/final_uie/work/teacher_outputs/A_lite_clean/SUIM__f_r_1691_.png
/home/shahid-ahamed.hasib/Data/Data/SUIM/train_val/images/f_r_1692_.jpg,/home/shahid-ahamed.hasib/uiework/final_uie/work/teacher_outputs/A_lite_clean/SUIM__f_r_1692_.png
/home/shahid-ahamed.hasib/Data/Data/SUIM/train_val/images/f_r_1693_.jpg,/home/shahid-ahamed.hasib/uiework/final_uie/work/teacher_outputs/A_lite_clean/SUIM__f_r_1693_.png
/home/shahid-ahamed.hasib/Data/Data/SUIM/train_val/images/f_r_1694_.jpg,/home/shahid-ahamed.hasib/uiework/final_uie/work/teacher_outputs/A_lite_clean/SUIM__f_r_1694_.png
/home/shahid-ahamed.hasib/Data/Data/SUIM/train_val/images/f_r_1695_.jpg,/home/shahid-ahamed.hasib/uiework/final_uie/work/teacher_outputs/A_lite_clean/SUIM__f_r_1695_.png
/home/shahid-ahamed.hasib/Data/Data/SUIM/train_val/images/f_r_1696_.jpg,/home/shahid-ahamed.hasib/uiework/final_uie/work/teacher_outputs/A_lite_clean/SUIM__f_r_1696_.png
/home/shahid-ahamed.hasib/Data/Data/SUIM/train_val/images/f_r_1697_.jpg,/home/shahid-ahamed.hasib/uiework/final_uie/work/teacher_outputs/A_lite_clean/SUIM__f_r_1697_.png
/home/shahid-ahamed.hasib/Data/Data/SUIM/train_val/images/f_r_1698_.jpg,/home/shahid-ahamed.hasib/uiework/final_uie/work/teacher_outputs/A_lite_clean/SUIM__f_r_1698_.png
/home/shahid-ahamed.hasib/Data/Data/SUIM/train_val/images/f_r_1701_.jpg,/home/shahid-ahamed.hasib/uiework/final_uie/work/teacher_outputs/A_lite_clean/SUIM__f_r_1701_.png
/home/shahid-ahamed.hasib/Data/Data/SUIM/train_val/images/f_r_1708_.jpg,/home/shahid-ahamed.hasib/uiework/final_uie/work/teacher_outputs/A_lite_clean/SUIM__f_r_1708_.png
/home/shahid-ahamed.hasib/Data/Data/SUIM/train_val/images/f_r_1709_.jpg,/home/shahid-ahamed.hasib/uiework/final_uie/work/teacher_outputs/A_lite_clean/SUIM__f_r_1709_.png
/home/shahid-ahamed.hasib/Data/Data/SUIM/train_val/images/f_r_1716_.jpg,/home/shahid-ahamed.hasib/uiework/final_uie/work/teacher_outputs/A_lite_clean/SUIM__f_r_1716_.png
/home/shahid-ahamed.hasib/Data/Data/SUIM/train_val/images/f_r_1719_.jpg,/home/shahid-ahamed.hasib/uiework/final_uie/work/teacher_outputs/A_lite_clean/SUIM__f_r_1719_.png
/home/shahid-ahamed.hasib/Data/Data/SUIM/train_val/images/f_r_1724_.jpg,/home/shahid-ahamed.hasib/uiework/final_uie/work/teacher_outputs/A_lite_clean/SUIM__f_r_1724_.png
/home/shahid-ahamed.hasib/Data/Data/SUIM/train_val/images/f_r_1725_.jpg,/home/shahid-ahamed.hasib/uiework/final_uie/work/teacher_outputs/A_lite_clean/SUIM__f_r_1725_.png
/home/shahid-ahamed.hasib/Data/Data/SUIM/train_val/images/f_r_1726_.jpg,/home/shahid-ahamed.hasib/uiework/final_uie/work/teacher_outputs/A_lite_clean/SUIM__f_r_1726_.png
/home/shahid-ahamed.hasib/Data/Data/SUIM/train_val/images/f_r_1729_.jpg,/home/shahid-ahamed.hasib/uiework/final_uie/work/teacher_outputs/A_lite_clean/SUIM__f_r_1729_.png
/home/shahid-ahamed.hasib/Data/Data/SUIM/train_val/images/f_r_1730_.jpg,/home/shahid-ahamed.hasib/uiework/final_uie/work/teacher_outputs/A_lite_clean/SUIM__f_r_1730_.png
/home/shahid-ahamed.hasib/Data/Data/SUIM/train_val/images/f_r_1731_.jpg,/home/shahid-ahamed.hasib/uiework/final_uie/work/teacher_outputs/A_lite_clean/SUIM__f_r_1731_.png
/home/shahid-ahamed.hasib/Data/Data/SUIM/train_val/images/f_r_1732_.jpg,/home/shahid-ahamed.hasib/uiework/final_uie/work/teacher_outputs/A_lite_clean/SUIM__f_r_1732_.png
/home/shahid-ahamed.hasib/Data/Data/SUIM/train_val/images/f_r_1733_.jpg,/home/shahid-ahamed.hasib/uiework/final_uie/work/teacher_outputs/A_lite_clean/SUIM__f_r_1733_.png
/home/shahid-ahamed.hasib/Data/Data/SUIM/train_val/images/f_r_1734_.jpg,/home/shahid-ahamed.hasib/uiework/final_uie/work/teacher_outputs/A_lite_clean/SUIM__f_r_1734_.png
/home/shahid-ahamed.hasib/Data/Data/SUIM/train_val/images/f_r_1735_.jpg,/home/shahid-ahamed.hasib/uiework/final_uie/work/teacher_outputs/A_lite_clean/SUIM__f_r_1735_.png
/home/shahid-ahamed.hasib/Data/Data/SUIM/train_val/images/f_r_1736_.jpg,/home/shahid-ahamed.hasib/uiework/final_uie/work/teacher_outputs/A_lite_clean/SUIM__f_r_1736_.png
/home/shahid-ahamed.hasib/Data/Data/SUIM/train_val/images/f_r_1740_.jpg,/home/shahid-ahamed.hasib/uiework/final_uie/work/teacher_outputs/A_lite_clean/SUIM__f_r_1740_.png
/home/shahid-ahamed.hasib/Data/Data/SUIM/train_val/images/f_r_1741_.jpg,/home/shahid-ahamed.hasib/uiework/final_uie/work/teacher_outputs/A_lite_clean/SUIM__f_r_1741_.png
/home/shahid-ahamed.hasib/Data/Data/SUIM/train_val/images/f_r_1743_.jpg,/home/shahid-ahamed.hasib/uiework/final_uie/work/teacher_outputs/A_lite_clean/SUIM__f_r_1743_.png
/home/shahid-ahamed.hasib/Data/Data/SUIM/train_val/images/f_r_1744_.jpg,/home/shahid-ahamed.hasib/uiework/final_uie/work/teacher_outputs/A_lite_clean/SUIM__f_r_1744_.png
/home/shahid-ahamed.hasib/Data/Data/SUIM/train_val/images/f_r_1745_.jpg,/home/shahid-ahamed.hasib/uiework/final_uie/work/teacher_outputs/A_lite_clean/SUIM__f_r_1745_.png
/home/shahid-ahamed.hasib/Data/Data/SUIM/train_val/images/f_r_1747_.jpg,/home/shahid-ahamed.hasib/uiework/final_uie/work/teacher_outputs/A_lite_clean/SUIM__f_r_1747_.png
/home/shahid-ahamed.hasib/Data/Data/SUIM/train_val/images/f_r_1749_.jpg,/home/shahid-ahamed.hasib/uiework/final_uie/work/teacher_outputs/A_lite_clean/SUIM__f_r_1749_.png
/home/shahid-ahamed.hasib/Data/Data/SUIM/train_val/images/f_r_1750_.jpg,/home/shahid-ahamed.hasib/uiework/final_uie/work/teacher_outputs/A_lite_clean/SUIM__f_r_1750_.png
/home/shahid-ahamed.hasib/Data/Data/SUIM/train_val/images/f_r_1751_.jpg,/home/shahid-ahamed.hasib/uiework/final_uie/work/teacher_outputs/A_lite_clean/SUIM__f_r_1751_.png
/home/shahid-ahamed.hasib/Data/Data/SUIM/train_val/images/f_r_1753_.jpg,/home/shahid-ahamed.hasib/uiework/final_uie/work/teacher_outputs/A_lite_clean/SUIM__f_r_1753_.png
/home/shahid-ahamed.hasib/Data/Data/SUIM/train_val/images/f_r_1754_.jpg,/home/shahid-ahamed.hasib/uiework/final_uie/work/teacher_outputs/A_lite_clean/SUIM__f_r_1754_.png
/home/shahid-ahamed.hasib/Data/Data/SUIM/train_val/images/f_r_1755_.jpg,/home/shahid-ahamed.hasib/uiework/final_uie/work/teacher_outputs/A_lite_clean/SUIM__f_r_1755_.png
/home/shahid-ahamed.hasib/Data/Data/SUIM/train_val/images/f_r_1756_.jpg,/home/shahid-ahamed.hasib/uiework/final_uie/work/teacher_outputs/A_lite_clean/SUIM__f_r_1756_.png
/home/shahid-ahamed.hasib/Data/Data/SUIM/train_val/images/f_r_1763_.jpg,/home/shahid-ahamed.hasib/uiework/final_uie/work/teacher_outputs/A_lite_clean/SUIM__f_r_1763_.png
/home/shahid-ahamed.hasib/Data/Data/SUIM/train_val/images/f_r_1764_.jpg,/home/shahid-ahamed.hasib/uiework/final_uie/work/teacher_outputs/A_lite_clean/SUIM__f_r_1764_.png
/home/shahid-ahamed.hasib/Data/Data/SUIM/train_val/images/f_r_1765_.jpg,/home/shahid-ahamed.hasib/uiework/final_uie/work/teacher_outputs/A_lite_clean/SUIM__f_r_1765_.png
/home/shahid-ahamed.hasib/Data/Data/SUIM/train_val/images/f_r_1766_.jpg,/home/shahid-ahamed.hasib/uiework/final_uie/work/teacher_outputs/A_lite_clean/SUIM__f_r_1766_.png
/home/shahid-ahamed.hasib/Data/Data/SUIM/train_val/images/f_r_1767_.jpg,/home/shahid-ahamed.hasib/uiework/final_uie/work/teacher_outputs/A_lite_clean/SUIM__f_r_1767_.png
/home/shahid-ahamed.hasib/Data/Data/SUIM/train_val/images/f_r_1768_.jpg,/home/shahid-ahamed.hasib/uiework/final_uie/work/teacher_outputs/A_lite_clean/SUIM__f_r_1768_.png
/home/shahid-ahamed.hasib/Data/Data/SUIM/train_val/images/f_r_1769_.jpg,/home/shahid-ahamed.hasib/uiework/final_uie/work/teacher_outputs/A_lite_clean/SUIM__f_r_1769_.png
/home/shahid-ahamed.hasib/Data/Data/SUIM/train_val/images/f_r_1770_.jpg,/home/shahid-ahamed.hasib/uiework/final_uie/work/teacher_outputs/A_lite_clean/SUIM__f_r_1770_.png
/home/shahid-ahamed.hasib/Data/Data/SUIM/train_val/images/f_r_1772_.jpg,/home/shahid-ahamed.hasib/uiework/final_uie/work/teacher_outputs/A_lite_clean/SUIM__f_r_1772_.png
/home/shahid-ahamed.hasib/Data/Data/SUIM/train_val/images/f_r_1773_.jpg,/home/shahid-ahamed.hasib/uiework/final_uie/work/teacher_outputs/A_lite_clean/SUIM__f_r_1773_.png
/home/shahid-ahamed.hasib/Data/Data/SUIM/train_val/images/f_r_1774_.jpg,/home/shahid-ahamed.hasib/uiework/final_uie/work/teacher_outputs/A_lite_clean/SUIM__f_r_1774_.png
/home/shahid-ahamed.hasib/Data/Data/SUIM/train_val/images/f_r_1777_.jpg,/home/shahid-ahamed.hasib/uiework/final_uie/work/teacher_outputs/A_lite_clean/SUIM__f_r_1777_.png
/home/shahid-ahamed.hasib/Data/Data/SUIM/train_val/images/f_r_1779_.jpg,/home/shahid-ahamed.hasib/uiework/final_uie/work/teacher_outputs/A_lite_clean/SUIM__f_r_1779_.png
/home/shahid-ahamed.hasib/Data/Data/SUIM/train_val/images/f_r_1781_.jpg,/home/shahid-ahamed.hasib/uiework/final_uie/work/teacher_outputs/A_lite_clean/SUIM__f_r_1781_.png
/home/shahid-ahamed.hasib/Data/Data/SUIM/train_val/images/f_r_1783_.jpg,/home/shahid-ahamed.hasib/uiework/final_uie/work/teacher_outputs/A_lite_clean/SUIM__f_r_1783_.png
/home/shahid-ahamed.hasib/Data/Data/SUIM/train_val/images/f_r_1787_.jpg,/home/shahid-ahamed.hasib/uiework/final_uie/work/teacher_outputs/A_lite_clean/SUIM__f_r_1787_.png
/home/shahid-ahamed.hasib/Data/Data/SUIM/train_val/images/f_r_1790_.jpg,/home/shahid-ahamed.hasib/uiework/final_uie/work/teacher_outputs/A_lite_clean/SUIM__f_r_1790_.png
/home/shahid-ahamed.hasib/Data/Data/SUIM/train_val/images/f_r_1791_.jpg,/home/shahid-ahamed.hasib/uiework/final_uie/work/teacher_outputs/A_lite_clean/SUIM__f_r_1791_.png
/home/shahid-ahamed.hasib/Data/Data/SUIM/train_val/images/f_r_1792_.jpg,/home/shahid-ahamed.hasib/uiework/final_uie/work/teacher_outputs/A_lite_clean/SUIM__f_r_1792_.png
/home/shahid-ahamed.hasib/Data/Data/SUIM/train_val/images/f_r_1793_.jpg,/home/shahid-ahamed.hasib/uiework/final_uie/work/teacher_outputs/A_lite_clean/SUIM__f_r_1793_.png
/home/shahid-ahamed.hasib/Data/Data/SUIM/train_val/images/f_r_1802_.jpg,/home/shahid-ahamed.hasib/uiework/final_uie/work/teacher_outputs/A_lite_clean/SUIM__f_r_1802_.png
/home/shahid-ahamed.hasib/Data/Data/SUIM/train_val/images/f_r_1803_.jpg,/home/shahid-ahamed.hasib/uiework/final_uie/work/teacher_outputs/A_lite_clean/SUIM__f_r_1803_.png
/home/shahid-ahamed.hasib/Data/Data/SUIM/train_val/images/f_r_1804_.jpg,/home/shahid-ahamed.hasib/uiework/final_uie/work/teacher_outputs/A_lite_clean/SUIM__f_r_1804_.png
/home/shahid-ahamed.hasib/Data/Data/SUIM/train_val/images/f_r_1805_.jpg,/home/shahid-ahamed.hasib/uiework/final_uie/work/teacher_outputs/A_lite_clean/SUIM__f_r_1805_.png
/home/shahid-ahamed.hasib/Data/Data/SUIM/train_val/images/f_r_1807_.jpg,/home/shahid-ahamed.hasib/uiework/final_uie/work/teacher_outputs/A_lite_clean/SUIM__f_r_1807_.png
/home/shahid-ahamed.hasib/Data/Data/SUIM/train_val/images/f_r_1809_.jpg,/home/shahid-ahamed.hasib/uiework/final_uie/work/teacher_outputs/A_lite_clean/SUIM__f_r_1809_.png
/home/shahid-ahamed.hasib/Data/Data/SUIM/train_val/images/f_r_1810_.jpg,/home/shahid-ahamed.hasib/uiework/final_uie/work/teacher_outputs/A_lite_clean/SUIM__f_r_1810_.png
/home/shahid-ahamed.hasib/Data/Data/SUIM/train_val/images/f_r_1811_.jpg,/home/shahid-ahamed.hasib/uiework/final_uie/work/teacher_outputs/A_lite_clean/SUIM__f_r_1811_.png
/home/shahid-ahamed.hasib/Data/Data/SUIM/train_val/images/f_r_1812_.jpg,/home/shahid-ahamed.hasib/uiework/final_uie/work/teacher_outputs/A_lite_clean/SUIM__f_r_1812_.png
/home/shahid-ahamed.hasib/Data/Data/SUIM/train_val/images/f_r_1815_.jpg,/home/shahid-ahamed.hasib/uiework/final_uie/work/teacher_outputs/A_lite_clean/SUIM__f_r_1815_.png
/home/shahid-ahamed.hasib/Data/Data/SUIM/train_val/images/f_r_1816_.jpg,/home/shahid-ahamed.hasib/uiework/final_uie/work/teacher_outputs/A_lite_clean/SUIM__f_r_1816_.png
/home/shahid-ahamed.hasib/Data/Data/SUIM/train_val/images/f_r_1817_.jpg,/home/shahid-ahamed.hasib/uiework/final_uie/work/teacher_outputs/A_lite_clean/SUIM__f_r_1817_.png
/home/shahid-ahamed.hasib/Data/Data/SUIM/train_val/images/f_r_1819_.jpg,/home/shahid-ahamed.hasib/uiework/final_uie/work/teacher_outputs/A_lite_clean/SUIM__f_r_1819_.png
/home/shahid-ahamed.hasib/Data/Data/SUIM/train_val/images/f_r_1820_.jpg,/home/shahid-ahamed.hasib/uiework/final_uie/work/teacher_outputs/A_lite_clean/SUIM__f_r_1820_.png
/home/shahid-ahamed.hasib/Data/Data/SUIM/train_val/images/f_r_1821_.jpg,/home/shahid-ahamed.hasib/uiework/final_uie/work/teacher_outputs/A_lite_clean/SUIM__f_r_1821_.png
/home/shahid-ahamed.hasib/Data/Data/SUIM/train_val/images/f_r_1822_.jpg,/home/shahid-ahamed.hasib/uiework/final_uie/work/teacher_outputs/A_lite_clean/SUIM__f_r_1822_.png
/home/shahid-ahamed.hasib/Data/Data/SUIM/train_val/images/f_r_1823_.jpg,/home/shahid-ahamed.hasib/uiework/final_uie/work/teacher_outputs/A_lite_clean/SUIM__f_r_1823_.png
/home/shahid-ahamed.hasib/Data/Data/SUIM/train_val/images/f_r_1825_.jpg,/home/shahid-ahamed.hasib/uiework/final_uie/work/teacher_outputs/A_lite_clean/SUIM__f_r_1825_.png
/home/shahid-ahamed.hasib/Data/Data/SUIM/train_val/images/f_r_1826_.jpg,/home/shahid-ahamed.hasib/uiework/final_uie/work/teacher_outputs/A_lite_clean/SUIM__f_r_1826_.png
/home/shahid-ahamed.hasib/Data/Data/SUIM/train_val/images/f_r_1827_.jpg,/home/shahid-ahamed.hasib/uiework/final_uie/work/teacher_outputs/A_lite_clean/SUIM__f_r_1827_.png
/home/shahid-ahamed.hasib/Data/Data/SUIM/train_val/images/f_r_1828_.jpg,/home/shahid-ahamed.hasib/uiework/final_uie/work/teacher_outputs/A_lite_clean/SUIM__f_r_1828_.png
/home/shahid-ahamed.hasib/Data/Data/SUIM/train_val/images/f_r_1829_.jpg,/home/shahid-ahamed.hasib/uiework/final_uie/work/teacher_outputs/A_lite_clean/SUIM__f_r_1829_.png
/home/shahid-ahamed.hasib/Data/Data/SUIM/train_val/images/f_r_1831_.jpg,/home/shahid-ahamed.hasib/uiework/final_uie/work/teacher_outputs/A_lite_clean/SUIM__f_r_1831_.png
/home/shahid-ahamed.hasib/Data/Data/SUIM/train_val/images/f_r_1833_.jpg,/home/shahid-ahamed.hasib/uiework/final_uie/work/teacher_outputs/A_lite_clean/SUIM__f_r_1833_.png
/home/shahid-ahamed.hasib/Data/Data/SUIM/train_val/images/f_r_1837_.jpg,/home/shahid-ahamed.hasib/uiework/final_uie/work/teacher_outputs/A_lite_clean/SUIM__f_r_1837_.png
/home/shahid-ahamed.hasib/Data/Data/SUIM/train_val/images/f_r_1840_.jpg,/home/shahid-ahamed.hasib/uiework/final_uie/work/teacher_outputs/A_lite_clean/SUIM__f_r_1840_.png
/home/shahid-ahamed.hasib/Data/Data/SUIM/train_val/images/f_r_1841_.jpg,/home/shahid-ahamed.hasib/uiework/final_uie/work/teacher_outputs/A_lite_clean/SUIM__f_r_1841_.png
/home/shahid-ahamed.hasib/Data/Data/SUIM/train_val/images/f_r_1844_.jpg,/home/shahid-ahamed.hasib/uiework/final_uie/work/teacher_outputs/A_lite_clean/SUIM__f_r_1844_.png
/home/shahid-ahamed.hasib/Data/Data/SUIM/train_val/images/f_r_1845_.jpg,/home/shahid-ahamed.hasib/uiework/final_uie/work/teacher_outputs/A_lite_clean/SUIM__f_r_1845_.png
/home/shahid-ahamed.hasib/Data/Data/SUIM/train_val/images/f_r_1846_.jpg,/home/shahid-ahamed.hasib/uiework/final_uie/work/teacher_outputs/A_lite_clean/SUIM__f_r_1846_.png
/home/shahid-ahamed.hasib/Data/Data/SUIM/train_val/images/f_r_1847_.jpg,/home/shahid-ahamed.hasib/uiework/final_uie/work/teacher_outputs/A_lite_clean/SUIM__f_r_1847_.png
/home/shahid-ahamed.hasib/Data/Data/SUIM/train_val/images/f_r_1851_.jpg,/home/shahid-ahamed.hasib/uiework/final_uie/work/teacher_outputs/A_lite_clean/SUIM__f_r_1851_.png
/home/shahid-ahamed.hasib/Data/Data/SUIM/train_val/images/f_r_1853_.jpg,/home/shahid-ahamed.hasib/uiework/final_uie/work/teacher_outputs/A_lite_clean/SUIM__f_r_1853_.png
/home/shahid-ahamed.hasib/Data/Data/SUIM/train_val/images/f_r_1854_.jpg,/home/shahid-ahamed.hasib/uiework/final_uie/work/teacher_outputs/A_lite_clean/SUIM__f_r_1854_.png
/home/shahid-ahamed.hasib/Data/Data/SUIM/train_val/images/f_r_1855_.jpg,/home/shahid-ahamed.hasib/uiework/final_uie/work/teacher_outputs/A_lite_clean/SUIM__f_r_1855_.png
/home/shahid-ahamed.hasib/Data/Data/SUIM/train_val/images/f_r_1856_.jpg,/home/shahid-ahamed.hasib/uiework/final_uie/work/teacher_outputs/A_lite_clean/SUIM__f_r_1856_.png
/home/shahid-ahamed.hasib/Data/Data/SUIM/train_val/images/f_r_1857_.jpg,/home/shahid-ahamed.hasib/uiework/final_uie/work/teacher_outputs/A_lite_clean/SUIM__f_r_1857_.png
/home/shahid-ahamed.hasib/Data/Data/SUIM/train_val/images/f_r_1858_.jpg,/home/shahid-ahamed.hasib/uiework/final_uie/work/teacher_outputs/A_lite_clean/SUIM__f_r_1858_.png
/home/shahid-ahamed.hasib/Data/Data/SUIM/train_val/images/f_r_1860_.jpg,/home/shahid-ahamed.hasib/uiework/final_uie/work/teacher_outputs/A_lite_clean/SUIM__f_r_1860_.png
/home/shahid-ahamed.hasib/Data/Data/SUIM/train_val/images/f_r_1862_.jpg,/home/shahid-ahamed.hasib/uiework/final_uie/work/teacher_outputs/A_lite_clean/SUIM__f_r_1862_.png
/home/shahid-ahamed.hasib/Data/Data/SUIM/train_val/images/f_r_1863_.jpg,/home/shahid-ahamed.hasib/uiework/final_uie/work/teacher_outputs/A_lite_clean/SUIM__f_r_1863_.png
/home/shahid-ahamed.hasib/Data/Data/SUIM/train_val/images/f_r_1864_.jpg,/home/shahid-ahamed.hasib/uiework/final_uie/work/teacher_outputs/A_lite_clean/SUIM__f_r_1864_.png
/home/shahid-ahamed.hasib/Data/Data/SUIM/train_val/images/f_r_1865_.jpg,/home/shahid-ahamed.hasib/uiework/final_uie/work/teacher_outputs/A_lite_clean/SUIM__f_r_1865_.png
/home/shahid-ahamed.hasib/Data/Data/SUIM/train_val/images/f_r_1866_.jpg,/home/shahid-ahamed.hasib/uiework/final_uie/work/teacher_outputs/A_lite_clean/SUIM__f_r_1866_.png
/home/shahid-ahamed.hasib/Data/Data/SUIM/train_val/images/f_r_1868_.jpg,/home/shahid-ahamed.hasib/uiework/final_uie/work/teacher_outputs/A_lite_clean/SUIM__f_r_1868_.png
/home/shahid-ahamed.hasib/Data/Data/SUIM/train_val/images/f_r_1870_.jpg,/home/shahid-ahamed.hasib/uiework/final_uie/work/teacher_outputs/A_lite_clean/SUIM__f_r_1870_.png
/home/shahid-ahamed.hasib/Data/Data/SUIM/train_val/images/f_r_1871_.jpg,/home/shahid-ahamed.hasib/uiework/final_uie/work/teacher_outputs/A_lite_clean/SUIM__f_r_1871_.png
/home/shahid-ahamed.hasib/Data/Data/SUIM/train_val/images/f_r_1872_.jpg,/home/shahid-ahamed.hasib/uiework/final_uie/work/teacher_outputs/A_lite_clean/SUIM__f_r_1872_.png
/home/shahid-ahamed.hasib/Data/Data/SUIM/train_val/images/f_r_1875_.jpg,/home/shahid-ahamed.hasib/uiework/final_uie/work/teacher_outputs/A_lite_clean/SUIM__f_r_1875_.png
/home/shahid-ahamed.hasib/Data/Data/SUIM/train_val/images/f_r_1876_.jpg,/home/shahid-ahamed.hasib/uiework/final_uie/work/teacher_outputs/A_lite_clean/SUIM__f_r_1876_.png
/home/shahid-ahamed.hasib/Data/Data/SUIM/train_val/images/f_r_1877_.jpg,/home/shahid-ahamed.hasib/uiework/final_uie/work/teacher_outputs/A_lite_clean/SUIM__f_r_1877_.png
/home/shahid-ahamed.hasib/Data/Data/SUIM/train_val/images/f_r_1879_.jpg,/home/shahid-ahamed.hasib/uiework/final_uie/work/teacher_outputs/A_lite_clean/SUIM__f_r_1879_.png
/home/shahid-ahamed.hasib/Data/Data/SUIM/train_val/images/f_r_1881_.jpg,/home/shahid-ahamed.hasib/uiework/final_uie/work/teacher_outputs/A_lite_clean/SUIM__f_r_1881_.png
/home/shahid-ahamed.hasib/Data/Data/SUIM/train_val/images/f_r_1882_.jpg,/home/shahid-ahamed.hasib/uiework/final_uie/work/teacher_outputs/A_lite_clean/SUIM__f_r_1882_.png
/home/shahid-ahamed.hasib/Data/Data/SUIM/train_val/images/f_r_1883_.jpg,/home/shahid-ahamed.hasib/uiework/final_uie/work/teacher_outputs/A_lite_clean/SUIM__f_r_1883_.png
/home/shahid-ahamed.hasib/Data/Data/SUIM/train_val/images/f_r_1884_.jpg,/home/shahid-ahamed.hasib/uiework/final_uie/work/teacher_outputs/A_lite_clean/SUIM__f_r_1884_.png
/home/shahid-ahamed.hasib/Data/Data/SUIM/train_val/images/f_r_1885_.jpg,/home/shahid-ahamed.hasib/uiework/final_uie/work/teacher_outputs/A_lite_clean/SUIM__f_r_1885_.png
/home/shahid-ahamed.hasib/Data/Data/SUIM/train_val/images/f_r_1887_.jpg,/home/shahid-ahamed.hasib/uiework/final_uie/work/teacher_outputs/A_lite_clean/SUIM__f_r_1887_.png
/home/shahid-ahamed.hasib/Data/Data/SUIM/train_val/images/f_r_1890_.jpg,/home/shahid-ahamed.hasib/uiework/final_uie/work/teacher_outputs/A_lite_clean/SUIM__f_r_1890_.png
/home/shahid-ahamed.hasib/Data/Data/SUIM/train_val/images/f_r_1891_.jpg,/home/shahid-ahamed.hasib/uiework/final_uie/work/teacher_outputs/A_lite_clean/SUIM__f_r_1891_.png
/home/shahid-ahamed.hasib/Data/Data/SUIM/train_val/images/f_r_1894_.jpg,/home/shahid-ahamed.hasib/uiework/final_uie/work/teacher_outputs/A_lite_clean/SUIM__f_r_1894_.png
/home/shahid-ahamed.hasib/Data/Data/SUIM/train_val/images/f_r_1895_.jpg,/home/shahid-ahamed.hasib/uiework/final_uie/work/teacher_outputs/A_lite_clean/SUIM__f_r_1895_.png
/home/shahid-ahamed.hasib/Data/Data/SUIM/train_val/images/f_r_1896_.jpg,/home/shahid-ahamed.hasib/uiework/final_uie/work/teacher_outputs/A_lite_clean/SUIM__f_r_1896_.png
/home/shahid-ahamed.hasib/Data/Data/SUIM/train_val/images/f_r_1897_.jpg,/home/shahid-ahamed.hasib/uiework/final_uie/work/teacher_outputs/A_lite_clean/SUIM__f_r_1897_.png
/home/shahid-ahamed.hasib/Data/Data/SUIM/train_val/images/f_r_1899_.jpg,/home/shahid-ahamed.hasib/uiework/final_uie/work/teacher_outputs/A_lite_clean/SUIM__f_r_1899_.png
/home/shahid-ahamed.hasib/Data/Data/SUIM/train_val/images/f_r_1900_.jpg,/home/shahid-ahamed.hasib/uiework/final_uie/work/teacher_outputs/A_lite_clean/SUIM__f_r_1900_.png
/home/shahid-ahamed.hasib/Data/Data/SUIM/train_val/images/f_r_1901_.jpg,/home/shahid-ahamed.hasib/uiework/final_uie/work/teacher_outputs/A_lite_clean/SUIM__f_r_1901_.png
/home/shahid-ahamed.hasib/Data/Data/SUIM/train_val/images/f_r_1903_.jpg,/home/shahid-ahamed.hasib/uiework/final_uie/work/teacher_outputs/A_lite_clean/SUIM__f_r_1903_.png
/home/shahid-ahamed.hasib/Data/Data/SUIM/train_val/images/f_r_1904_.jpg,/home/shahid-ahamed.hasib/uiework/final_uie/work/teacher_outputs/A_lite_clean/SUIM__f_r_1904_.png
/home/shahid-ahamed.hasib/Data/Data/SUIM/train_val/images/f_r_1908_.jpg,/home/shahid-ahamed.hasib/uiework/final_uie/work/teacher_outputs/A_lite_clean/SUIM__f_r_1908_.png
/home/shahid-ahamed.hasib/Data/Data/SUIM/train_val/images/f_r_1911_.jpg,/home/shahid-ahamed.hasib/uiework/final_uie/work/teacher_outputs/A_lite_clean/SUIM__f_r_1911_.png
/home/shahid-ahamed.hasib/Data/Data/SUIM/train_val/images/f_r_1912_.jpg,/home/shahid-ahamed.hasib/uiework/final_uie/work/teacher_outputs/A_lite_clean/SUIM__f_r_1912_.png
/home/shahid-ahamed.hasib/Data/Data/SUIM/train_val/images/f_r_1913_.jpg,/home/shahid-ahamed.hasib/uiework/final_uie/work/teacher_outputs/A_lite_clean/SUIM__f_r_1913_.png
/home/shahid-ahamed.hasib/Data/Data/SUIM/train_val/images/f_r_1915_.jpg,/home/shahid-ahamed.hasib/uiework/final_uie/work/teacher_outputs/A_lite_clean/SUIM__f_r_1915_.png
/home/shahid-ahamed.hasib/Data/Data/SUIM/train_val/images/f_r_1921_.jpg,/home/shahid-ahamed.hasib/uiework/final_uie/work/teacher_outputs/A_lite_clean/SUIM__f_r_1921_.png
/home/shahid-ahamed.hasib/Data/Data/SUIM/train_val/images/f_r_1923_.jpg,/home/shahid-ahamed.hasib/uiework/final_uie/work/teacher_outputs/A_lite_clean/SUIM__f_r_1923_.png
/home/shahid-ahamed.hasib/Data/Data/SUIM/train_val/images/f_r_1924_.jpg,/home/shahid-ahamed.hasib/uiework/final_uie/work/teacher_outputs/A_lite_clean/SUIM__f_r_1924_.png
/home/shahid-ahamed.hasib/Data/Data/SUIM/train_val/images/f_r_1925_.jpg,/home/shahid-ahamed.hasib/uiework/final_uie/work/teacher_outputs/A_lite_clean/SUIM__f_r_1925_.png
/home/shahid-ahamed.hasib/Data/Data/SUIM/train_val/images/f_r_1926_.jpg,/home/shahid-ahamed.hasib/uiework/final_uie/work/teacher_outputs/A_lite_clean/SUIM__f_r_1926_.png
/home/shahid-ahamed.hasib/Data/Data/SUIM/train_val/images/f_r_1928_.jpg,/home/shahid-ahamed.hasib/uiework/final_uie/work/teacher_outputs/A_lite_clean/SUIM__f_r_1928_.png
/home/shahid-ahamed.hasib/Data/Data/SUIM/train_val/images/f_r_1929_.jpg,/home/shahid-ahamed.hasib/uiework/final_uie/work/teacher_outputs/A_lite_clean/SUIM__f_r_1929_.png
/home/shahid-ahamed.hasib/Data/Data/SUIM/train_val/images/f_r_1930_.jpg,/home/shahid-ahamed.hasib/uiework/final_uie/work/teacher_outputs/A_lite_clean/SUIM__f_r_1930_.png
/home/shahid-ahamed.hasib/Data/Data/SUIM/train_val/images/f_r_1932_.jpg,/home/shahid-ahamed.hasib/uiework/final_uie/work/teacher_outputs/A_lite_clean/SUIM__f_r_1932_.png
/home/shahid-ahamed.hasib/Data/Data/SUIM/train_val/images/f_r_1933_.jpg,/home/shahid-ahamed.hasib/uiework/final_uie/work/teacher_outputs/A_lite_clean/SUIM__f_r_1933_.png
/home/shahid-ahamed.hasib/Data/Data/SUIM/train_val/images/f_r_1934_.jpg,/home/shahid-ahamed.hasib/uiework/final_uie/work/teacher_outputs/A_lite_clean/SUIM__f_r_1934_.png
/home/shahid-ahamed.hasib/Data/Data/SUIM/train_val/images/f_r_1935_.jpg,/home/shahid-ahamed.hasib/uiework/final_uie/work/teacher_outputs/A_lite_clean/SUIM__f_r_1935_.png
/home/shahid-ahamed.hasib/Data/Data/SUIM/train_val/images/f_r_1936_.jpg,/home/shahid-ahamed.hasib/uiework/final_uie/work/teacher_outputs/A_lite_clean/SUIM__f_r_1936_.png
/home/shahid-ahamed.hasib/Data/Data/SUIM/train_val/images/f_r_1937_.jpg,/home/shahid-ahamed.hasib/uiework/final_uie/work/teacher_outputs/A_lite_clean/SUIM__f_r_1937_.png
/home/shahid-ahamed.hasib/Data/Data/SUIM/train_val/images/f_r_1939_.jpg,/home/shahid-ahamed.hasib/uiework/final_uie/work/teacher_outputs/A_lite_clean/SUIM__f_r_1939_.png
/home/shahid-ahamed.hasib/Data/Data/SUIM/train_val/images/f_r_1941_.jpg,/home/shahid-ahamed.hasib/uiework/final_uie/work/teacher_outputs/A_lite_clean/SUIM__f_r_1941_.png
/home/shahid-ahamed.hasib/Data/Data/SUIM/train_val/images/f_r_1943_.jpg,/home/shahid-ahamed.hasib/uiework/final_uie/work/teacher_outputs/A_lite_clean/SUIM__f_r_1943_.png
/home/shahid-ahamed.hasib/Data/Data/SUIM/train_val/images/f_r_1946_.jpg,/home/shahid-ahamed.hasib/uiework/final_uie/work/teacher_outputs/A_lite_clean/SUIM__f_r_1946_.png
/home/shahid-ahamed.hasib/Data/Data/SUIM/train_val/images/f_r_1947_.jpg,/home/shahid-ahamed.hasib/uiework/final_uie/work/teacher_outputs/A_lite_clean/SUIM__f_r_1947_.png
/home/shahid-ahamed.hasib/Data/Data/SUIM/train_val/images/f_r_1950_.jpg,/home/shahid-ahamed.hasib/uiework/final_uie/work/teacher_outputs/A_lite_clean/SUIM__f_r_1950_.png
/home/shahid-ahamed.hasib/Data/Data/SUIM/train_val/images/f_r_1951_.jpg,/home/shahid-ahamed.hasib/uiework/final_uie/work/teacher_outputs/A_lite_clean/SUIM__f_r_1951_.png
/home/shahid-ahamed.hasib/Data/Data/SUIM/train_val/images/f_r_1952_.jpg,/home/shahid-ahamed.hasib/uiework/final_uie/work/teacher_outputs/A_lite_clean/SUIM__f_r_1952_.png
/home/shahid-ahamed.hasib/Data/Data/SUIM/train_val/images/f_r_1955_.jpg,/home/shahid-ahamed.hasib/uiework/final_uie/work/teacher_outputs/A_lite_clean/SUIM__f_r_1955_.png
/home/shahid-ahamed.hasib/Data/Data/SUIM/train_val/images/f_r_1956_.jpg,/home/shahid-ahamed.hasib/uiework/final_uie/work/teacher_outputs/A_lite_clean/SUIM__f_r_1956_.png
/home/shahid-ahamed.hasib/Data/Data/SUIM/train_val/images/f_r_1958_.jpg,/home/shahid-ahamed.hasib/uiework/final_uie/work/teacher_outputs/A_lite_clean/SUIM__f_r_1958_.png
/home/shahid-ahamed.hasib/Data/Data/SUIM/train_val/images/f_r_1961_.jpg,/home/shahid-ahamed.hasib/uiework/final_uie/work/teacher_outputs/A_lite_clean/SUIM__f_r_1961_.png
/home/shahid-ahamed.hasib/Data/Data/SUIM/train_val/images/f_r_1962_.jpg,/home/shahid-ahamed.hasib/uiework/final_uie/work/teacher_outputs/A_lite_clean/SUIM__f_r_1962_.png
/home/shahid-ahamed.hasib/Data/Data/SUIM/train_val/images/f_r_1963_.jpg,/home/shahid-ahamed.hasib/uiework/final_uie/work/teacher_outputs/A_lite_clean/SUIM__f_r_1963_.png
/home/shahid-ahamed.hasib/Data/Data/SUIM/train_val/images/f_r_1964_.jpg,/home/shahid-ahamed.hasib/uiework/final_uie/work/teacher_outputs/A_lite_clean/SUIM__f_r_1964_.png
/home/shahid-ahamed.hasib/Data/Data/SUIM/train_val/images/f_r_1968_.jpg,/home/shahid-ahamed.hasib/uiework/final_uie/work/teacher_outputs/A_lite_clean/SUIM__f_r_1968_.png
/home/shahid-ahamed.hasib/Data/Data/SUIM/train_val/images/f_r_1969_.jpg,/home/shahid-ahamed.hasib/uiework/final_uie/work/teacher_outputs/A_lite_clean/SUIM__f_r_1969_.png
/home/shahid-ahamed.hasib/Data/Data/SUIM/train_val/images/f_r_1970_.jpg,/home/shahid-ahamed.hasib/uiework/final_uie/work/teacher_outputs/A_lite_clean/SUIM__f_r_1970_.png
/home/shahid-ahamed.hasib/Data/Data/SUIM/train_val/images/f_r_1971_.jpg,/home/shahid-ahamed.hasib/uiework/final_uie/work/teacher_outputs/A_lite_clean/SUIM__f_r_1971_.png
/home/shahid-ahamed.hasib/Data/Data/SUIM/train_val/images/f_r_1973_.jpg,/home/shahid-ahamed.hasib/uiework/final_uie/work/teacher_outputs/A_lite_clean/SUIM__f_r_1973_.png
/home/shahid-ahamed.hasib/Data/Data/SUIM/train_val/images/f_r_1976_.jpg,/home/shahid-ahamed.hasib/uiework/final_uie/work/teacher_outputs/A_lite_clean/SUIM__f_r_1976_.png
/home/shahid-ahamed.hasib/Data/Data/SUIM/train_val/images/f_r_1983_.jpg,/home/shahid-ahamed.hasib/uiework/final_uie/work/teacher_outputs/A_lite_clean/SUIM__f_r_1983_.png
/home/shahid-ahamed.hasib/Data/Data/SUIM/train_val/images/f_r_1985_.jpg,/home/shahid-ahamed.hasib/uiework/final_uie/work/teacher_outputs/A_lite_clean/SUIM__f_r_1985_.png
/home/shahid-ahamed.hasib/Data/Data/SUIM/train_val/images/f_r_1986_.jpg,/home/shahid-ahamed.hasib/uiework/final_uie/work/teacher_outputs/A_lite_clean/SUIM__f_r_1986_.png
/home/shahid-ahamed.hasib/Data/Data/SUIM/train_val/images/f_r_1987_.jpg,/home/shahid-ahamed.hasib/uiework/final_uie/work/teacher_outputs/A_lite_clean/SUIM__f_r_1987_.png
/home/shahid-ahamed.hasib/Data/Data/SUIM/train_val/images/f_r_1989_.jpg,/home/shahid-ahamed.hasib/uiework/final_uie/work/teacher_outputs/A_lite_clean/SUIM__f_r_1989_.png
/home/shahid-ahamed.hasib/Data/Data/SUIM/train_val/images/f_r_1990_.jpg,/home/shahid-ahamed.hasib/uiework/final_uie/work/teacher_outputs/A_lite_clean/SUIM__f_r_1990_.png
/home/shahid-ahamed.hasib/Data/Data/SUIM/train_val/images/f_r_1991_.jpg,/home/shahid-ahamed.hasib/uiework/final_uie/work/teacher_outputs/A_lite_clean/SUIM__f_r_1991_.png
/home/shahid-ahamed.hasib/Data/Data/SUIM/train_val/images/f_r_1995_.jpg,/home/shahid-ahamed.hasib/uiework/final_uie/work/teacher_outputs/A_lite_clean/SUIM__f_r_1995_.png
/home/shahid-ahamed.hasib/Data/Data/SUIM/train_val/images/f_r_1997_.jpg,/home/shahid-ahamed.hasib/uiework/final_uie/work/teacher_outputs/A_lite_clean/SUIM__f_r_1997_.png
/home/shahid-ahamed.hasib/Data/Data/SUIM/train_val/images/f_r_1999_.jpg,/home/shahid-ahamed.hasib/uiework/final_uie/work/teacher_outputs/A_lite_clean/SUIM__f_r_1999_.png
/home/shahid-ahamed.hasib/Data/Data/SUIM/train_val/images/f_r_2001_.jpg,/home/shahid-ahamed.hasib/uiework/final_uie/work/teacher_outputs/A_lite_clean/SUIM__f_r_2001_.png
/home/shahid-ahamed.hasib/Data/Data/SUIM/train_val/images/f_r_2003_.jpg,/home/shahid-ahamed.hasib/uiework/final_uie/work/teacher_outputs/A_lite_clean/SUIM__f_r_2003_.png
/home/shahid-ahamed.hasib/Data/Data/SUIM/train_val/images/f_r_2004_.jpg,/home/shahid-ahamed.hasib/uiework/final_uie/work/teacher_outputs/A_lite_clean/SUIM__f_r_2004_.png
/home/shahid-ahamed.hasib/Data/Data/SUIM/train_val/images/f_r_2005_.jpg,/home/shahid-ahamed.hasib/uiework/final_uie/work/teacher_outputs/A_lite_clean/SUIM__f_r_2005_.png
/home/shahid-ahamed.hasib/Data/Data/SUIM/train_val/images/f_r_2011_.jpg,/home/shahid-ahamed.hasib/uiework/final_uie/work/teacher_outputs/A_lite_clean/SUIM__f_r_2011_.png
/home/shahid-ahamed.hasib/Data/Data/SUIM/train_val/images/f_r_2012_.jpg,/home/shahid-ahamed.hasib/uiework/final_uie/work/teacher_outputs/A_lite_clean/SUIM__f_r_2012_.png
/home/shahid-ahamed.hasib/Data/Data/SUIM/train_val/images/f_r_2013_.jpg,/home/shahid-ahamed.hasib/uiework/final_uie/work/teacher_outputs/A_lite_clean/SUIM__f_r_2013_.png
/home/shahid-ahamed.hasib/Data/Data/SUIM/train_val/images/f_r_2015_.jpg,/home/shahid-ahamed.hasib/uiework/final_uie/work/teacher_outputs/A_lite_clean/SUIM__f_r_2015_.png
/home/shahid-ahamed.hasib/Data/Data/SUIM/train_val/images/f_r_2016_.jpg,/home/shahid-ahamed.hasib/uiework/final_uie/work/teacher_outputs/A_lite_clean/SUIM__f_r_2016_.png
/home/shahid-ahamed.hasib/Data/Data/SUIM/train_val/images/f_r_2017_.jpg,/home/shahid-ahamed.hasib/uiework/final_uie/work/teacher_outputs/A_lite_clean/SUIM__f_r_2017_.png
/home/shahid-ahamed.hasib/Data/Data/SUIM/train_val/images/f_r_2018_.jpg,/home/shahid-ahamed.hasib/uiework/final_uie/work/teacher_outputs/A_lite_clean/SUIM__f_r_2018_.png
/home/shahid-ahamed.hasib/Data/Data/SUIM/train_val/images/f_r_2019_.jpg,/home/shahid-ahamed.hasib/uiework/final_uie/work/teacher_outputs/A_lite_clean/SUIM__f_r_2019_.png
/home/shahid-ahamed.hasib/Data/Data/SUIM/train_val/images/f_r_2020_.jpg,/home/shahid-ahamed.hasib/uiework/final_uie/work/teacher_outputs/A_lite_clean/SUIM__f_r_2020_.png
/home/shahid-ahamed.hasib/Data/Data/SUIM/train_val/images/f_r_2030_.jpg,/home/shahid-ahamed.hasib/uiework/final_uie/work/teacher_outputs/A_lite_clean/SUIM__f_r_2030_.png
/home/shahid-ahamed.hasib/Data/Data/SUIM/train_val/images/f_r_2031_.jpg,/home/shahid-ahamed.hasib/uiework/final_uie/work/teacher_outputs/A_lite_clean/SUIM__f_r_2031_.png
/home/shahid-ahamed.hasib/Data/Data/SUIM/train_val/images/f_r_2032_.jpg,/home/shahid-ahamed.hasib/uiework/final_uie/work/teacher_outputs/A_lite_clean/SUIM__f_r_2032_.png
/home/shahid-ahamed.hasib/Data/Data/SUIM/train_val/images/f_r_2033_.jpg,/home/shahid-ahamed.hasib/uiework/final_uie/work/teacher_outputs/A_lite_clean/SUIM__f_r_2033_.png
/home/shahid-ahamed.hasib/Data/Data/SUIM/train_val/images/f_r_2039_.jpg,/home/shahid-ahamed.hasib/uiework/final_uie/work/teacher_outputs/A_lite_clean/SUIM__f_r_2039_.png
/home/shahid-ahamed.hasib/Data/Data/SUIM/train_val/images/f_r_2041_.jpg,/home/shahid-ahamed.hasib/uiework/final_uie/work/teacher_outputs/A_lite_clean/SUIM__f_r_2041_.png
/home/shahid-ahamed.hasib/Data/Data/SUIM/train_val/images/f_r_2043_.jpg,/home/shahid-ahamed.hasib/uiework/final_uie/work/teacher_outputs/A_lite_clean/SUIM__f_r_2043_.png
/home/shahid-ahamed.hasib/Data/Data/SUIM/train_val/images/f_r_2048_.jpg,/home/shahid-ahamed.hasib/uiework/final_uie/work/teacher_outputs/A_lite_clean/SUIM__f_r_2048_.png
/home/shahid-ahamed.hasib/Data/Data/SUIM/train_val/images/f_r_2050_.jpg,/home/shahid-ahamed.hasib/uiework/final_uie/work/teacher_outputs/A_lite_clean/SUIM__f_r_2050_.png
/home/shahid-ahamed.hasib/Data/Data/SUIM/train_val/images/f_r_2053_.jpg,/home/shahid-ahamed.hasib/uiework/final_uie/work/teacher_outputs/A_lite_clean/SUIM__f_r_2053_.png
/home/shahid-ahamed.hasib/Data/Data/SUIM/train_val/images/f_r_2055_.jpg,/home/shahid-ahamed.hasib/uiework/final_uie/work/teacher_outputs/A_lite_clean/SUIM__f_r_2055_.png
/home/shahid-ahamed.hasib/Data/Data/SUIM/train_val/images/f_r_2058_.jpg,/home/shahid-ahamed.hasib/uiework/final_uie/work/teacher_outputs/A_lite_clean/SUIM__f_r_2058_.png
/home/shahid-ahamed.hasib/Data/Data/SUIM/train_val/images/f_r_2059_.jpg,/home/shahid-ahamed.hasib/uiework/final_uie/work/teacher_outputs/A_lite_clean/SUIM__f_r_2059_.png
/home/shahid-ahamed.hasib/Data/Data/SUIM/train_val/images/f_r_2060_.jpg,/home/shahid-ahamed.hasib/uiework/final_uie/work/teacher_outputs/A_lite_clean/SUIM__f_r_2060_.png
/home/shahid-ahamed.hasib/Data/Data/SUIM/train_val/images/f_r_2067_.jpg,/home/shahid-ahamed.hasib/uiework/final_uie/work/teacher_outputs/A_lite_clean/SUIM__f_r_2067_.png
/home/shahid-ahamed.hasib/Data/Data/SUIM/train_val/images/f_r_2069_.jpg,/home/shahid-ahamed.hasib/uiework/final_uie/work/teacher_outputs/A_lite_clean/SUIM__f_r_2069_.png
/home/shahid-ahamed.hasib/Data/Data/SUIM/train_val/images/f_r_2074_.jpg,/home/shahid-ahamed.hasib/uiework/final_uie/work/teacher_outputs/A_lite_clean/SUIM__f_r_2074_.png
/home/shahid-ahamed.hasib/Data/Data/SUIM/train_val/images/f_r_2075_.jpg,/home/shahid-ahamed.hasib/uiework/final_uie/work/teacher_outputs/A_lite_clean/SUIM__f_r_2075_.png
/home/shahid-ahamed.hasib/Data/Data/SUIM/train_val/images/f_r_2077_.jpg,/home/shahid-ahamed.hasib/uiework/final_uie/work/teacher_outputs/A_lite_clean/SUIM__f_r_2077_.png
/home/shahid-ahamed.hasib/Data/Data/SUIM/train_val/images/f_r_2079_.jpg,/home/shahid-ahamed.hasib/uiework/final_uie/work/teacher_outputs/A_lite_clean/SUIM__f_r_2079_.png
/home/shahid-ahamed.hasib/Data/Data/SUIM/train_val/images/f_r_2080_.jpg,/home/shahid-ahamed.hasib/uiework/final_uie/work/teacher_outputs/A_lite_clean/SUIM__f_r_2080_.png
/home/shahid-ahamed.hasib/Data/Data/SUIM/train_val/images/f_r_2082_.jpg,/home/shahid-ahamed.hasib/uiework/final_uie/work/teacher_outputs/A_lite_clean/SUIM__f_r_2082_.png
/home/shahid-ahamed.hasib/Data/Data/SUIM/train_val/images/f_r_2083_.jpg,/home/shahid-ahamed.hasib/uiework/final_uie/work/teacher_outputs/A_lite_clean/SUIM__f_r_2083_.png
/home/shahid-ahamed.hasib/Data/Data/SUIM/train_val/images/f_r_2084_.jpg,/home/shahid-ahamed.hasib/uiework/final_uie/work/teacher_outputs/A_lite_clean/SUIM__f_r_2084_.png
/home/shahid-ahamed.hasib/Data/Data/SUIM/train_val/images/f_r_264_.jpg,/home/shahid-ahamed.hasib/uiework/final_uie/work/teacher_outputs/A_lite_clean/SUIM__f_r_264_.png
/home/shahid-ahamed.hasib/Data/Data/SUIM/train_val/images/f_r_269_.jpg,/home/shahid-ahamed.hasib/uiework/final_uie/work/teacher_outputs/A_lite_clean/SUIM__f_r_269_.png
/home/shahid-ahamed.hasib/Data/Data/SUIM/train_val/images/f_r_339_.jpg,/home/shahid-ahamed.hasib/uiework/final_uie/work/teacher_outputs/A_lite_clean/SUIM__f_r_339_.png
/home/shahid-ahamed.hasib/Data/Data/SUIM/train_val/images/f_r_352_.jpg,/home/shahid-ahamed.hasib/uiework/final_uie/work/teacher_outputs/A_lite_clean/SUIM__f_r_352_.png
/home/shahid-ahamed.hasib/Data/Data/SUIM/train_val/images/f_r_358_.jpg,/home/shahid-ahamed.hasib/uiework/final_uie/work/teacher_outputs/A_lite_clean/SUIM__f_r_358_.png
/home/shahid-ahamed.hasib/Data/Data/SUIM/train_val/images/f_r_414_.jpg,/home/shahid-ahamed.hasib/uiework/final_uie/work/teacher_outputs/A_lite_clean/SUIM__f_r_414_.png
/home/shahid-ahamed.hasib/Data/Data/SUIM/train_val/images/f_r_426_.jpg,/home/shahid-ahamed.hasib/uiework/final_uie/work/teacher_outputs/A_lite_clean/SUIM__f_r_426_.png
/home/shahid-ahamed.hasib/Data/Data/SUIM/train_val/images/f_r_430_.jpg,/home/shahid-ahamed.hasib/uiework/final_uie/work/teacher_outputs/A_lite_clean/SUIM__f_r_430_.png
/home/shahid-ahamed.hasib/Data/Data/SUIM/train_val/images/f_r_456_.jpg,/home/shahid-ahamed.hasib/uiework/final_uie/work/teacher_outputs/A_lite_clean/SUIM__f_r_456_.png
/home/shahid-ahamed.hasib/Data/Data/SUIM/train_val/images/f_r_500_.jpg,/home/shahid-ahamed.hasib/uiework/final_uie/work/teacher_outputs/A_lite_clean/SUIM__f_r_500_.png
/home/shahid-ahamed.hasib/Data/Data/SUIM/train_val/images/f_r_520_.jpg,/home/shahid-ahamed.hasib/uiework/final_uie/work/teacher_outputs/A_lite_clean/SUIM__f_r_520_.png
/home/shahid-ahamed.hasib/Data/Data/SUIM/train_val/images/f_r_521_.jpg,/home/shahid-ahamed.hasib/uiework/final_uie/work/teacher_outputs/A_lite_clean/SUIM__f_r_521_.png
/home/shahid-ahamed.hasib/Data/Data/SUIM/train_val/images/f_r_522_.jpg,/home/shahid-ahamed.hasib/uiework/final_uie/work/teacher_outputs/A_lite_clean/SUIM__f_r_522_.png
/home/shahid-ahamed.hasib/Data/Data/SUIM/train_val/images/f_r_525_.jpg,/home/shahid-ahamed.hasib/uiework/final_uie/work/teacher_outputs/A_lite_clean/SUIM__f_r_525_.png
/home/shahid-ahamed.hasib/Data/Data/SUIM/train_val/images/f_r_529_.jpg,/home/shahid-ahamed.hasib/uiework/final_uie/work/teacher_outputs/A_lite_clean/SUIM__f_r_529_.png
/home/shahid-ahamed.hasib/Data/Data/SUIM/train_val/images/f_r_643_.jpg,/home/shahid-ahamed.hasib/uiework/final_uie/work/teacher_outputs/A_lite_clean/SUIM__f_r_643_.png
/home/shahid-ahamed.hasib/Data/Data/SUIM/train_val/images/f_r_665_.jpg,/home/shahid-ahamed.hasib/uiework/final_uie/work/teacher_outputs/A_lite_clean/SUIM__f_r_665_.png
/home/shahid-ahamed.hasib/Data/Data/SUIM/train_val/images/f_r_669_.jpg,/home/shahid-ahamed.hasib/uiework/final_uie/work/teacher_outputs/A_lite_clean/SUIM__f_r_669_.png
/home/shahid-ahamed.hasib/Data/Data/SUIM/train_val/images/f_r_671_.jpg,/home/shahid-ahamed.hasib/uiework/final_uie/work/teacher_outputs/A_lite_clean/SUIM__f_r_671_.png
/home/shahid-ahamed.hasib/Data/Data/SUIM/train_val/images/f_r_824_.jpg,/home/shahid-ahamed.hasib/uiework/final_uie/work/teacher_outputs/A_lite_clean/SUIM__f_r_824_.png
/home/shahid-ahamed.hasib/Data/Data/SUIM/train_val/images/f_r_826_.jpg,/home/shahid-ahamed.hasib/uiework/final_uie/work/teacher_outputs/A_lite_clean/SUIM__f_r_826_.png
/home/shahid-ahamed.hasib/Data/Data/SUIM/train_val/images/f_r_840_.jpg,/home/shahid-ahamed.hasib/uiework/final_uie/work/teacher_outputs/A_lite_clean/SUIM__f_r_840_.png
/home/shahid-ahamed.hasib/Data/Data/SUIM/train_val/images/f_r_84_.jpg,/home/shahid-ahamed.hasib/uiework/final_uie/work/teacher_outputs/A_lite_clean/SUIM__f_r_84_.png
/home/shahid-ahamed.hasib/Data/Data/SUIM/train_val/images/f_r_870_.jpg,/home/shahid-ahamed.hasib/uiework/final_uie/work/teacher_outputs/A_lite_clean/SUIM__f_r_870_.png
/home/shahid-ahamed.hasib/Data/Data/SUIM/train_val/images/f_r_886_.jpg,/home/shahid-ahamed.hasib/uiework/final_uie/work/teacher_outputs/A_lite_clean/SUIM__f_r_886_.png
/home/shahid-ahamed.hasib/Data/Data/SUIM/train_val/images/f_r_900_.jpg,/home/shahid-ahamed.hasib/uiework/final_uie/work/teacher_outputs/A_lite_clean/SUIM__f_r_900_.png
/home/shahid-ahamed.hasib/Data/Data/SUIM/train_val/images/f_r_903_.jpg,/home/shahid-ahamed.hasib/uiework/final_uie/work/teacher_outputs/A_lite_clean/SUIM__f_r_903_.png
/home/shahid-ahamed.hasib/Data/Data/SUIM/train_val/images/f_r_931_.jpg,/home/shahid-ahamed.hasib/uiework/final_uie/work/teacher_outputs/A_lite_clean/SUIM__f_r_931_.png
/home/shahid-ahamed.hasib/Data/Data/SUIM/train_val/images/f_r_932_.jpg,/home/shahid-ahamed.hasib/uiework/final_uie/work/teacher_outputs/A_lite_clean/SUIM__f_r_932_.png
/home/shahid-ahamed.hasib/Data/Data/SUIM/train_val/images/f_r_934_.jpg,/home/shahid-ahamed.hasib/uiework/final_uie/work/teacher_outputs/A_lite_clean/SUIM__f_r_934_.png
/home/shahid-ahamed.hasib/Data/Data/SUIM/train_val/images/f_r_936_.jpg,/home/shahid-ahamed.hasib/uiework/final_uie/work/teacher_outputs/A_lite_clean/SUIM__f_r_936_.png
/home/shahid-ahamed.hasib/Data/Data/SUIM/train_val/images/f_r_939_.jpg,/home/shahid-ahamed.hasib/uiework/final_uie/work/teacher_outputs/A_lite_clean/SUIM__f_r_939_.png
/home/shahid-ahamed.hasib/Data/Data/SUIM/train_val/images/f_r_940_.jpg,/home/shahid-ahamed.hasib/uiework/final_uie/work/teacher_outputs/A_lite_clean/SUIM__f_r_940_.png
/home/shahid-ahamed.hasib/Data/Data/SUIM/train_val/images/f_r_949_.jpg,/home/shahid-ahamed.hasib/uiework/final_uie/work/teacher_outputs/A_lite_clean/SUIM__f_r_949_.png
/home/shahid-ahamed.hasib/Data/Data/SUIM/train_val/images/f_r_953_.jpg,/home/shahid-ahamed.hasib/uiework/final_uie/work/teacher_outputs/A_lite_clean/SUIM__f_r_953_.png
/home/shahid-ahamed.hasib/Data/Data/SUIM/train_val/images/f_r_956_.jpg,/home/shahid-ahamed.hasib/uiework/final_uie/work/teacher_outputs/A_lite_clean/SUIM__f_r_956_.png
/home/shahid-ahamed.hasib/Data/Data/SUIM/train_val/images/f_r_961_.jpg,/home/shahid-ahamed.hasib/uiework/final_uie/work/teacher_outputs/A_lite_clean/SUIM__f_r_961_.png
/home/shahid-ahamed.hasib/Data/Data/SUIM/train_val/images/f_r_963_.jpg,/home/shahid-ahamed.hasib/uiework/final_uie/work/teacher_outputs/A_lite_clean/SUIM__f_r_963_.png
/home/shahid-ahamed.hasib/Data/Data/SUIM/train_val/images/f_r_968_.jpg,/home/shahid-ahamed.hasib/uiework/final_uie/work/teacher_outputs/A_lite_clean/SUIM__f_r_968_.png
/home/shahid-ahamed.hasib/Data/Data/SUIM/train_val/images/f_r_969_.jpg,/home/shahid-ahamed.hasib/uiework/final_uie/work/teacher_outputs/A_lite_clean/SUIM__f_r_969_.png
/home/shahid-ahamed.hasib/Data/Data/SUIM/train_val/images/f_r_970_.jpg,/home/shahid-ahamed.hasib/uiework/final_uie/work/teacher_outputs/A_lite_clean/SUIM__f_r_970_.png
/home/shahid-ahamed.hasib/Data/Data/SUIM/train_val/images/f_r_973_.jpg,/home/shahid-ahamed.hasib/uiework/final_uie/work/teacher_outputs/A_lite_clean/SUIM__f_r_973_.png
/home/shahid-ahamed.hasib/Data/Data/SUIM/train_val/images/f_r_974_.jpg,/home/shahid-ahamed.hasib/uiework/final_uie/work/teacher_outputs/A_lite_clean/SUIM__f_r_974_.png
/home/shahid-ahamed.hasib/Data/Data/SUIM/train_val/images/f_r_975_.jpg,/home/shahid-ahamed.hasib/uiework/final_uie/work/teacher_outputs/A_lite_clean/SUIM__f_r_975_.png
/home/shahid-ahamed.hasib/Data/Data/SUIM/train_val/images/f_r_979_.jpg,/home/shahid-ahamed.hasib/uiework/final_uie/work/teacher_outputs/A_lite_clean/SUIM__f_r_979_.png
/home/shahid-ahamed.hasib/Data/Data/SUIM/train_val/images/f_r_980_.jpg,/home/shahid-ahamed.hasib/uiework/final_uie/work/teacher_outputs/A_lite_clean/SUIM__f_r_980_.png
/home/shahid-ahamed.hasib/Data/Data/SUIM/train_val/images/f_r_988_.jpg,/home/shahid-ahamed.hasib/uiework/final_uie/work/teacher_outputs/A_lite_clean/SUIM__f_r_988_.png
/home/shahid-ahamed.hasib/Data/Data/SUIM/train_val/images/f_r_989_.jpg,/home/shahid-ahamed.hasib/uiework/final_uie/work/teacher_outputs/A_lite_clean/SUIM__f_r_989_.png
/home/shahid-ahamed.hasib/Data/Data/SUIM/train_val/images/f_r_991_.jpg,/home/shahid-ahamed.hasib/uiework/final_uie/work/teacher_outputs/A_lite_clean/SUIM__f_r_991_.png
/home/shahid-ahamed.hasib/Data/Data/SUIM/train_val/images/f_r_992_.jpg,/home/shahid-ahamed.hasib/uiework/final_uie/work/teacher_outputs/A_lite_clean/SUIM__f_r_992_.png
/home/shahid-ahamed.hasib/Data/Data/SUIM/train_val/images/f_r_993_.jpg,/home/shahid-ahamed.hasib/uiework/final_uie/work/teacher_outputs/A_lite_clean/SUIM__f_r_993_.png
/home/shahid-ahamed.hasib/Data/Data/SUIM/train_val/images/f_r_999_.jpg,/home/shahid-ahamed.hasib/uiework/final_uie/work/teacher_outputs/A_lite_clean/SUIM__f_r_999_.png
/home/shahid-ahamed.hasib/Data/Data/SUIM/train_val/images/n_l_21_.jpg,/home/shahid-ahamed.hasib/uiework/final_uie/work/teacher_outputs/A_lite_clean/SUIM__n_l_21_.png
/home/shahid-ahamed.hasib/Data/Data/SUIM/train_val/images/n_l_40_.jpg,/home/shahid-ahamed.hasib/uiework/final_uie/work/teacher_outputs/A_lite_clean/SUIM__n_l_40_.png
/home/shahid-ahamed.hasib/Data/Data/SUIM/train_val/images/w_r_127_.jpg,/home/shahid-ahamed.hasib/uiework/final_uie/work/teacher_outputs/A_lite_clean/SUIM__w_r_127_.png
/home/shahid-ahamed.hasib/Data/Data/SUIM/train_val/images/w_r_128_.jpg,/home/shahid-ahamed.hasib/uiework/final_uie/work/teacher_outputs/A_lite_clean/SUIM__w_r_128_.png
/home/shahid-ahamed.hasib/Data/Data/SUIM/train_val/images/w_r_134_.jpg,/home/shahid-ahamed.hasib/uiework/final_uie/work/teacher_outputs/A_lite_clean/SUIM__w_r_134_.png
/home/shahid-ahamed.hasib/Data/Data/SUIM/train_val/images/w_r_167_.jpg,/home/shahid-ahamed.hasib/uiework/final_uie/work/teacher_outputs/A_lite_clean/SUIM__w_r_167_.png
/home/shahid-ahamed.hasib/Data/Data/SUIM/train_val/images/w_r_181_.jpg,/home/shahid-ahamed.hasib/uiework/final_uie/work/teacher_outputs/A_lite_clean/SUIM__w_r_181_.png
/home/shahid-ahamed.hasib/Data/Data/SUIM/train_val/images/w_r_218_.jpg,/home/shahid-ahamed.hasib/uiework/final_uie/work/teacher_outputs/A_lite_clean/SUIM__w_r_218_.png
/home/shahid-ahamed.hasib/Data/Data/SUIM/train_val/images/w_r_239_.jpg,/home/shahid-ahamed.hasib/uiework/final_uie/work/teacher_outputs/A_lite_clean/SUIM__w_r_239_.png
/home/shahid-ahamed.hasib/Data/Data/SUIM/train_val/images/w_r_250_.jpg,/home/shahid-ahamed.hasib/uiework/final_uie/work/teacher_outputs/A_lite_clean/SUIM__w_r_250_.png
/home/shahid-ahamed.hasib/Data/Data/SUIM/train_val/images/w_r_291_.jpg,/home/shahid-ahamed.hasib/uiework/final_uie/work/teacher_outputs/A_lite_clean/SUIM__w_r_291_.png
/home/shahid-ahamed.hasib/Data/Data/SUIM/train_val/images/w_r_36_.jpg,/home/shahid-ahamed.hasib/uiework/final_uie/work/teacher_outputs/A_lite_clean/SUIM__w_r_36_.png
/home/shahid-ahamed.hasib/Data/Data/SUIM/train_val/images/w_r_54_.jpg,/home/shahid-ahamed.hasib/uiework/final_uie/work/teacher_outputs/A_lite_clean/SUIM__w_r_54_.png
